107,494,571,928,1584,1878,4,40,103,143,147,159,182,220,223,239,241,245,253,274,277,319,348,398,409,445,471,480,481,483,484,488,505,510,514,573,605,612,637,665,669,673,706,726,754,769,770,788,789,818,844,851,860,868,890,930,961,970,976,977,978,1013,1016,1017,1040,1042,1053,1057,1073,1110,1125,1168,1171,1183,1204,1222,1227,1258,1271,1299,1367,1370,1372,1414,1500,1512,1528,1552,1567,1578,1580,1581,1618,1629,1651,1654,1675,1682,1693,1698,1726,1760,1761,1767,1794,1816,1820
107,571,928,1584,1878,384,434,1022,1234,129,642
107,571,928,1584,1878,343,421,1356,1579,1404,1781
107,568,571,928,1584,1878,243,607,739,814,1445,1706
107,571,928,1584,1878,1144,1530,151,299,547,805,1122,1300,1587,1833
107,571,928,1584,1878,1297,919,84,1720,24
107,571,928,1584,1878,589,1840,289,1297,1391
107,571,928,1584,1878,221,1506,641,658,960
107,476,533,571,635,928,1121,1215,1316,1467,1584,1878
107,571,928,1584,1878,1720,640,127,257,476,509
107,571,928,1584,1878,294,175,35,1025,1308
107,328,571,829,928,1584,1878,289,642,1553,1722
107,571,928,1584,1878,489,1009,1754,1211,32
107,571,928,1584,1878,463,658,1451,1014,370
107,571,928,1584,1878,793,1505,1476,1376,1624
107,571,928,1584,1822,1878,286,416,548,623,780,949,1062,1216,1484,1668,1732,1791
107,571,928,1584,1878,1876,427,456,630,350
107,571,928,1584,1878,116,677,51,811,1284
107,571,928,1584,1878,738,1538,366,1683,1610
107,571,928,1584,1878,35,1347,1648,247,1327
107,571,928,1584,1878,1047,494,371,169,358
11,107,571,641,757,928,960,1186,1416,1497,1584,1729,1878
107,571,928,1584,1878,580,1190,1645,1641,1827
107,571,928,1584,1878,1717,229,1009,1250,1203
107,571,928,1584,1878,110,1451,1410,115,1008
107,571,928,1584,1878,1520,129,1274,133,610
107,571,928,1584,1878,568,233,1484,1637,449
107,571,928,1584,1878,1366,919,458,236,1165
107,571,928,1584,1878,991,1276,161,578,814
107,571,928,1584,1878,1790,1232,1156,1212,1197
107,202,571,797,928,1584,1878,355,986,1123
107,571,928,1584,1878,1211,1814,710,16,1343
107,571,928,1584,1878,519,1472,1327,150,1376
107,571,928,1584,1878,677,509,478,233,1484
107,571,928,1584,1878,1089,1467,1025,1215,824,908
107,571,928,1584,1878,891,451,350,630,775
107,571,928,1584,1878,331,261,1467,1025,1602
107,571,928,1584,1878,992,916,550,1637,199
107,571,928,1584,1878,641,793,320,1793,115
107,571,928,1584,1878,1411,1520,25,1876,1683
107,571,928,1584,1878,1555,451,1769,350,1506
107,571,928,1584,1878,1657,1209,683,284,1484
107,571,928,1584,1878,476,1368,1391,1743,1848
107,571,928,1584,1878,1327,1340,1698,1754,350
107,571,928,1584,1878,519,1764,355,1120,797
107,571,928,1584,1878,1720,640,267,1327,175
107,571,928,1584,1878,1555,1484,1683,828,489
107,571,928,1584,1878,1824,1717,476,837,1783
107,571,928,1584,1878,1506,757,1729,1321,566
107,571,928,1584,1878,199,1215,1316,1376,635,1303
107,571,928,1584,1878,1475,1316,735,1467,1409
107,571,928,1019,1584,1805,1878,833,1404,338,421,552,800,1155
107,571,928,1584,1878,1274,539,1853,525,270
107,571,928,1584,1878,96,875,523,1024,154,1634
107,571,928,1584,1878,1190,32,639,1525,1047
107,154,271,345,362,436,570,571,715,904,928,1012,1026,1092,1124,1331,1415,1422,1584,1634,1855,1878,1888
107,571,928,1584,1878,1871,343,427,1048,771
107,571,928,1584,1878,1194,1099,1769,1312,368
107,571,928,1584,1878,261,905,1340,108,902,939
107,571,928,1584,1878,1302,1411,35,489,1583
107,571,928,1584,1878,276,62,108,313,445
107,571,928,1194,1584,1878,212,816,1522,43,111,276,313,501,1121
107,571,928,1584,1878,927,476,24,331,127
107,571,928,1584,1809,1878,150,1203,273,324,663
107,571,928,1584,1878,1120,373,1358,1312,1448
107,509,571,928,1584,1720,1878,1848,1473,85,322
107,571,928,1584,1878,110,1047,925,1409,25,1203
107,571,928,1584,1878,276,1197,1203,44,1350
107,571,928,1584,1878,1327,509,1118,1828,1649
107,571,928,1584,1878,294,1771,707,766,1047
107,571,928,1584,1878,1876,919,1263,1410,717
107,571,928,1410,1584,1878,1456,1087,1520,707
107,571,928,1584,1878,1294,738,875,1610,1510
107,571,928,1584,1878,1505,729,1633,1484,1771
107,571,928,1584,1878,1785,42,355,1655,1276,1825
107,571,928,1584,1878,1294,166,1720,1810,276
107,571,928,1584,1878,331,1189,817,236,1541
107,120,571,738,875,928,1440,1541,1584,1667,1878
107,571,928,1584,1878,519,1642,1569,895,1126,1692
107,571,928,1584,1878,1637,640,979,51,1621
107,571,928,1327,1584,1878,1771,44,1197,262
107,571,928,1584,1878,1728,925,1029,27,1636
107,571,928,1584,1878,503,1359,358,500,316
107,571,928,1584,1878,1588,1223,775,1505,739
107,571,928,1584,1878,589,405,476,1008,875
107,571,928,1584,1878,519,1140,1637,371,1658
107,571,928,1584,1878,819,1635,430,707,1276
107,571,928,1584,1878,1278,1308,892,1717,214
107,571,928,1584,1878,707,427,318,1848,919
107,571,928,1584,1878,1583,231,1476,51,1294
107,571,928,1584,1878,503,891,1366,1318,530
107,186,227,466,571,928,1297,1404,1584,1615,1754,1878
107,571,928,1584,1878,1294,811,1641,1410,717
107,571,928,1584,1878,1294,1501,265,338,590
107,571,928,1584,1878,366,681,186,216,1335
107,571,928,1584,1878,1069,1020,1015,1611,733
107,571,928,1584,1878,49,295,710,729,117
107,571,928,1584,1878,1190,1537,1881,1388,329
107,571,928,1584,1878,1024,96,1522,313,378,816,1237,1689
43,107,212,571,608,756,816,928,1522,1584,1878
18,107,136,358,500,571,928,1356,1584,1878
107,571,928,1584,1878,925,110,1754,1631,405
107,571,928,1584,1878,1315,35,1327,1641,397,916
107,571,928,1025,1106,1584,1878,355,980,1345,1387
107,571,928,1584,1878,322,503,331,1284,1294
107,571,928,1584,1878,236,916,1190,116,331,817
107,331,571,817,928,1584,1635,1878,485,1710,1880
107,571,928,1584,1878,461,1411,602,24,1388
107,571,928,1584,1878,1410,1466,1327,1652,451
107,571,928,1020,1118,1584,1878,1817,1476,231,1284,1754
107,571,928,1584,1878,1257,1308,1366,1274,1636
107,229,571,928,1584,1878,925,891,110,640
107,571,928,1584,1878,340,25,1296,1649,1342
10,75,107,571,928,998,1584,1878,11,133,452,626,707,757,787,960,1497,1729,1834
107,571,928,1584,1878,916,1645,804,120,236
107,571,928,1584,1878,329,1754,621,1853,707
107,571,928,1584,1878,427,476,1698,1717,1649
107,571,928,1584,1878,35,927,1484,202,1572
107,571,928,1584,1878,896,1122,88,918,1586
107,571,717,928,1584,1878,127,745,1848,115,1473
107,571,928,1584,1878,1503,1411,917,1631,1173
107,571,928,1584,1878,1321,320,1683,654,206
107,571,928,1584,1878,350,553,814,983,1599
107,571,928,1584,1878,1190,573,1848,919,1257
107,571,928,1584,1878,229,116,918,1211,1118,1817
107,571,928,1584,1878,427,1190,658,1790,1848
107,116,571,916,928,1584,1878,175,236,1020,1101,1391
107,571,928,1584,1878,793,803,1410,919,24
107,571,928,1584,1878,1122,35,174,501,1754
107,571,928,1584,1878,262,1312,1771,136,1211,1586
107,571,928,1584,1878,1642,1683,463,681,1020
107,571,928,1584,1878,461,717,1365,495,935
107,571,928,1584,1878,110,1580,438,427,1411
107,571,928,1584,1588,1878,461,888,1683,551,1783
107,571,928,1584,1878,320,1824,1555,925,437,715
107,571,928,1584,1878,803,301,54,1264,1155
107,571,928,1584,1878,1191,1771,966,127,1871
107,397,571,663,800,928,1155,1584,1878,1059,1871
107,571,928,1584,1878,1642,717,84,20,127
107,571,928,1584,1878,88,1667,814,1520,738
107,115,571,823,928,1584,1878,75,1015,1679
107,571,928,1584,1878,1190,686,1327,115,1047
107,571,928,1584,1878,1631,1754,110,523,1572
107,571,928,1584,1878,551,1211,1848,745,1004
107,571,928,1584,1878,1190,503,1008,1179,176
107,571,928,1584,1878,309,793,819,1476,304
107,571,928,1584,1878,896,1631,1004,1848,229
107,571,928,1584,1878,1387,553,1073,1219,1674
107,571,928,1584,1878,1388,1814,313,62,1241
107,571,928,1584,1878,461,793,819,1505,11,1771
25,107,461,571,716,781,804,928,952,1003,1022,1392,1584,1878
107,571,928,1584,1878,10,1037,1683,11,625
107,571,819,928,1584,1878,204,376,1114,1461,1697
107,571,928,1584,1878,1232,444,1537,1676,1102
107,571,928,1584,1878,1858,1350,1476,892,231
107,571,928,1584,1878,1411,803,1754,1641,1457
107,571,928,1584,1878,229,1216,1164,1327,771
107,571,928,1584,1878,1840,663,1537,1140,1276
107,571,928,1584,1878,1294,1318,919,707,478
107,571,928,1584,1878,1156,322,151,247,495
107,571,928,1584,1878,1152,127,1200,1065,1223
107,571,928,1584,1878,1679,457,31,676,820
107,571,928,1584,1878,275,1212,1817,779,1864
107,571,928,1584,1878,1065,998,1367,1004,1297
107,571,928,1584,1878,1297,1410,42,1055,804
107,571,928,1584,1878,1035,1302,373,223,641
107,571,928,1584,1878,895,1140,451,925,811
107,571,928,1584,1878,1321,814,441,519,331
107,571,928,1584,1878,1257,95,1216,1476,421,995
107,571,928,1584,1878,1190,476,1476,1038,1065
107,571,928,1584,1878,686,88,1586,127,266
107,571,928,1584,1878,745,127,1211,1848,694
107,571,928,1584,1878,1674,1659,1215,800,1627
107,571,928,1584,1878,1278,1888,329,752,1827
107,571,928,1584,1878,1363,25,170,409,1274
107,571,928,1584,1878,1063,447,316,53,276
107,571,928,1584,1878,338,1424,1316,395,73,1583
107,571,928,1584,1878,422,960,1294,1805,17
107,571,928,1584,1878,1511,519,816,761,1121
107,571,928,1584,1878,1520,658,1020,35,745
107,571,928,1584,1878,1817,18,478,509,843,1197
107,571,928,1584,1878,925,1223,266,1817,1388
107,571,803,928,1584,1878,639,1122,1125,373
107,276,304,571,928,1391,1584,1878,396,1063,1065,1276
107,216,366,571,681,928,1335,1584,1878,48,316,432,738,761,835
107,571,928,1284,1584,1878,1631,1754,275,632,927,1363
107,571,928,1584,1878,1330,1019,819,1220,576
107,571,928,1584,1878,925,535,1351,625,1453
107,571,928,1584,1878,231,677,116,1583,1020
107,571,928,1584,1878,199,630,1358,1120,427
107,373,571,928,1584,1878,276,677,458,621
107,571,928,1584,1642,1878,463,1342,925,717
107,571,928,1584,1878,1793,935,236,127,188
107,571,928,1584,1878,535,1297,25,326,1009
107,571,928,1584,1878,373,1641,916,1308,819
107,571,928,1584,1878,1533,948,289,683,1376,1484
107,571,928,1584,1878,1538,1250,1435,674,1263
107,571,928,1584,1878,1732,1284,116,1190,773
107,571,928,1584,1878,1190,1642,1848,322,88
107,571,928,1584,1878,1203,1555,1294,1197,150
107,337,350,449,521,571,580,724,752,849,885,928,1074,1137,1139,1238,1294,1584,1803,1878
107,571,928,1584,1878,724,1237,1394,701,1058,1738
107,571,928,1584,1878,1754,1250,312,1667,573
107,571,928,1584,1878,1466,1642,322,185,975
107,571,928,1584,1878,458,1876,1284,501,828
107,571,928,1584,1878,89,1140,51,663,503
107,571,928,1584,1878,1728,639,1852,1224,238,1775
107,571,928,1584,1878,501,1276,1537,1790,1683
107,571,882,896,928,1584,1659,1810,1878,429,598,805,844,1051,1598,1611
107,571,928,1584,1878,1506,257,1065,320,1203,1392,1520
107,571,928,1584,1878,1211,811,1641,551,1149
107,571,928,1584,1878,1118,1284,1732,1410,1156
107,571,928,1584,1878,1147,1264,325,389,564,727,967,1640,1668,1669,1672,1718
107,571,928,1232,1584,1817,1878,589,676,745,779,895,1126,1334,1641,1649
107,571,928,1584,1878,1876,819,1302,29,1580
107,571,928,1584,1878,340,1665,114,850,1541
107,571,928,1584,1878,322,896,1547,461,247
107,571,928,1387,1584,1674,1878,310,1,690,1025,1751,1887
107,571,928,1584,1878,1344,816,1274,212,1241
107,571,928,1584,1878,322,1720,814,891,509
107,571,928,1584,1878,576,1297,458,919,485
107,571,928,1584,1878,1451,51,1014,1572,329,828
107,571,928,1584,1878,265,589,1456,1714,115,598
107,571,928,1584,1878,1294,607,750,580,175
107,571,928,1584,1878,1321,1476,814,519,658
107,571,928,1584,1878,1276,1225,661,430,980,1044,1840
107,571,928,1584,1878,422,1644,1327,1541,405
107,571,928,1584,1878,1190,322,639,1451,1880
107,571,928,1584,1878,1580,25,1876,267,1853
107,571,928,1584,1878,1008,1020,641,530,350
107,571,928,1584,1878,716,1814,331,892,1880
107,571,928,1584,1848,1878,509,639,674,717
107,571,928,1584,1878,18,25,463,1276,1510
107,571,928,1584,1878,998,1316,265,322,338,1200
107,571,928,1584,1878,1274,762,1522,1743,620,1194,1203
107,571,928,1584,1878,1451,837,711,1190,1692
107,571,928,1584,1878,925,175,1274,270,1190
107,340,571,928,1584,1878,1020,1817,1649,1641
107,571,928,1584,1878,1140,677,322,663,1411
107,551,571,811,928,1149,1211,1584,1641,1878
107,571,928,1584,1878,707,427,1047,1411,602
107,571,928,1584,1878,896,1501,1703,975,535
107,571,928,1584,1878,1190,1196,146,1824,1641
107,571,928,1584,1878,1297,1676,25,273,998
107,571,928,1584,1878,461,35,1302,181,1082
107,571,928,1584,1878,641,202,797,1698,817
107,571,928,1584,1878,276,1121,1188,1764,1194
107,320,571,928,1584,1878,522,115,983,1319
107,571,928,1584,1878,608,1475,1065,1637,519
107,571,928,1584,1878,110,1294,658,1036,1641
107,571,928,1584,1878,329,1211,916,580,135
107,571,928,1584,1878,1683,639,1822,376,1257,1274
107,571,928,1584,1878,798,188,247,771,495
107,571,928,1584,1878,1667,1343,229,1535,1330
107,571,928,1584,1878,1194,1099,276,1626,1851
107,571,928,1584,1878,707,757,1853,444,229
107,571,928,1584,1878,1537,1308,451,1120,1853
107,571,928,1584,1878,287,519,1862,588,1335
107,571,928,1584,1878,451,607,145,1312,1783
107,571,928,1584,1878,1342,1327,188,145,974
107,571,928,1584,1878,1642,602,771,1019,896
107,571,928,1584,1878,1541,440,1683,1851,691
107,571,928,1584,1878,707,641,793,895,451
107,571,928,1584,1878,373,829,148,803,888
107,571,928,1584,1878,1683,1250,1537,661,1291
107,571,928,1584,1878,1610,229,135,1586,1583
107,571,928,1584,1878,1848,392,217,127,1505
107,571,928,1584,1878,771,329,1642,1185,1451
107,571,928,1584,1878,1790,803,1388,1033,1411
107,571,928,1584,1878,461,1514,15,90,286,658,1194,1297,1361
107,571,928,1584,1878,1657,1294,1755,551,658
107,553,571,814,928,1584,1878,926,1321,236
107,571,928,1584,1878,1783,164,1588,1866,229
107,571,821,928,1584,1683,1851,1878,663,221,927
107,571,928,1584,1878,26,923,286,323,949,1089
107,571,928,1584,1878,229,1679,1785,1772,501
107,571,928,1584,1878,1190,775,535,1004,983
107,571,928,1584,1878,1572,1411,456,25,771,1035
107,571,928,1584,1878,875,925,202,1274,370,700
107,571,928,1584,1878,1572,1642,1853,145,1583
107,571,928,1584,1878,623,1657,718,780,949,956,1065,1264
107,571,928,1584,1878,1754,1790,1294,427,1476
107,571,928,1584,1878,1817,146,1466,1823,1223
107,571,928,1584,1878,16,1641,1510,1484,1327
107,571,928,1584,1878,1203,365,1871,1198,1212
107,571,928,1584,1878,96,906,639,29,621
107,571,928,1584,1878,42,550,620,236,24
107,571,928,1584,1878,1274,925,1754,229,738
107,571,928,1584,1878,610,1655,421,761,1679
107,571,928,1584,1878,927,476,1631,916,1219
107,571,928,1584,1878,630,658,1190,1637,719
107,571,928,1584,1878,350,896,405,461,530
107,571,928,1584,1878,607,500,1356,677,1312
107,571,928,1584,1878,1025,1674,430,1227,310
107,571,928,1584,1878,895,1866,1659,1588,640
107,571,928,1584,1878,343,1410,821,1456,811
107,571,928,1584,1878,1772,745,925,1203,1274
107,571,928,1584,1878,757,1416,1037,249,1828
107,571,928,1584,1878,658,1342,811,1683,1572
107,571,928,1584,1878,1586,1144,151,35,1245
107,571,928,1584,1878,1274,925,875,1049,421,432
107,571,928,1584,1878,1327,88,1197,331,421
107,571,928,1584,1878,530,451,1302,1411,329
107,571,928,1584,1878,120,681,725,1635,478
107,571,928,1584,1878,451,145,1827,711,1302
107,571,928,1584,1878,1330,276,1714,761,725,823,986,1232,1803
107,571,928,1584,1878,1099,519,396,1063,1728
107,571,928,1584,1878,1347,1327,1667,773,1484
107,571,928,1584,1878,1343,1387,1296,430,1312
107,571,928,1584,1878,54,1666,1583,986,530,1679
107,571,928,1584,1878,463,1586,1583,427,25,1020
107,571,928,1584,1790,1878,895,127,501,1698
1,5,6,15,28,55,70,72,90,92,105,107,108,119,122,124,152,165,178,180,181,193,198,213,230,237,251,260,272,278,286,297,309,343,346,357,370,401,408,413,414,415,416,417,423,454,455,467,474,475,496,497,503,508,513,517,539,548,559,564,571,574,587,609,610,623,629,632,638,643,654,671,675,678,695,698,700,702,705,718,727,767,775,776,780,790,825,827,831,832,853,859,864,870,879,881,883,905,928,939,949,956,963,966,967,971,981,994,1002,1018,1028,1036,1045,1046,1055,1061,1062,1123,1127,1135,1143,1153,1187,1195,1209,1210,1213,1217,1218,1251,1267,1293,1306,1326,1352,1361,1383,1386,1394,1402,1407,1408,1417,1447,1459,1461,1470,1485,1508,1519,1527,1545,1559,1562,1584,1652,1668,1691,1697,1699,1718,1719,1728,1733,1741,1749,1751,1753,1784,1786,1788,1791,1797,1807,1823,1835,1843,1856,1861,1867,1874,1878,1887
107,571,928,1584,1878,639,819,775,1278,1461
107,571,928,1584,1878,1209,630,286,1683,745
107,236,550,571,928,1584,1878,42,1453,422,501,607,1312,1785
107,571,928,1584,1878,1659,1376,1480,427,1469
107,571,928,1584,1878,1572,1284,1631,275,116,823
107,571,928,1584,1878,1467,1232,1446,109,1121
107,571,928,1584,1878,1410,1225,1359,589,639
107,571,928,1584,1878,1047,1642,1327,1466,115,175,1621
107,571,928,1584,1878,1014,18,1528,519,483,1409
107,571,928,1584,1878,1657,1359,550,320,1475
107,571,928,1584,1878,331,434,1810,1679,491,496
107,519,571,928,1584,1878,1099,926,1063,465,948
107,571,928,1584,1878,1284,1232,1744,115,1015
107,571,928,1584,1878,1635,331,835,1118,1284
107,571,928,1584,1878,1822,328,206,358,151,1851
107,571,928,1145,1584,1764,1878,533,1467,345,580,1434
107,571,928,1584,1878,745,1156,1284,275,145,1410
107,571,658,928,1584,1878,15,1641,340,797
107,571,928,1584,1878,20,358,1359,42,1032
107,571,928,1584,1878,373,1049,745,1149,1015,1118,1211
107,571,928,1584,1878,1274,1020,1649,1294,1456
107,571,928,1584,1878,1197,1754,1327,1641,202
107,571,928,1584,1878,1754,350,1665,489,176
107,571,928,1584,1878,1294,229,35,427,1351
107,571,928,1584,1878,1683,276,895,674,110
107,571,928,1584,1878,1020,686,322,328,725
107,571,928,1584,1878,1441,206,45,658,350,1354
107,571,928,1584,1878,229,202,316,925,175
107,571,928,1584,1878,739,568,607,509,328
107,571,928,1584,1878,1754,115,1790,1156,373
107,571,928,1584,1878,1655,114,315,1468,109,419,1024
107,571,928,1584,1878,1020,116,916,51,437
107,571,928,1584,1878,1453,35,1511,1485,116,1655
107,571,928,1065,1342,1584,1878,998,1747,862,1200,1649
107,571,928,1584,1878,1342,1824,658,476,1729
107,571,928,1584,1878,1671,1327,392,1583,1466
107,571,928,1584,1878,621,1211,115,1155,979
107,571,928,1584,1878,331,1009,811,621,1635
107,571,928,1584,1878,1538,1294,32,1824,1858
107,571,928,1584,1878,262,1340,819,150,1276
107,571,928,1584,1878,1788,693,1462,1376,1387
107,571,928,1584,1878,639,1263,1876,944,1781
107,571,928,1584,1878,1069,915,1015,316,1106
107,571,928,1584,1878,127,509,1223,891,1720
107,571,928,1584,1878,494,1351,18,1065,681,1642
107,571,928,1584,1878,1274,127,1278,1152,1359
107,571,928,1584,1878,641,607,1250,169,229
107,571,928,1584,1878,494,891,1631,495,449,642
107,571,928,1584,1878,1721,297,566,1192,1812,1847
107,571,928,1584,1878,1069,1881,1211,276,405
107,571,928,1584,1878,1327,477,1365,1456,1451
107,571,928,1584,1878,1679,110,1350,1729,265
107,571,928,1584,1878,1190,658,91,1340,1637
107,571,928,1584,1878,371,329,438,1535,983
107,571,928,1584,1878,819,127,175,1049,188,203
107,571,928,1584,1878,1327,1790,895,797,202
107,571,928,1584,1878,476,1197,1580,573,797
107,571,928,1584,1878,1147,674,115,1642,717
107,571,928,1584,1878,817,539,376,1438,825
107,571,928,1584,1878,1666,823,1149,1015,1555
107,571,928,1584,1878,1665,1572,331,823,340
107,571,928,1584,1878,1257,1522,140,212,805
107,571,928,1584,1878,1667,1754,1350,328,229
107,571,928,1584,1878,476,1190,927,674,88
107,571,928,1584,1878,1637,1480,916,427,1358
107,571,928,1584,1878,434,229,1480,1004,136
107,571,928,1584,1878,229,1667,1049,1212,175
107,571,928,1584,1878,843,1223,1445,25,461
107,571,928,1584,1878,1294,1476,1020,1203,658
107,571,928,1584,1878,625,35,1263,509,1473
107,571,928,1584,1878,1020,1411,1340,896,1572
107,571,928,1584,1878,366,1340,137,338,1799
107,571,928,1584,1878,1020,316,686,116,1764,1828
107,571,928,1584,1878,340,494,1020,18,835
107,571,928,1584,1878,51,120,1754,918,1014
107,571,928,1584,1878,725,1342,1683,1851,133
107,571,928,1584,1878,805,1140,1340,1020,896
107,571,928,1584,1878,503,1342,1851,345,710,778
107,571,928,1584,1878,1025,1674,1387,1840,1859
107,571,928,1584,1878,1674,1025,35,340,1451
107,571,928,1584,1878,320,1537,110,660,1190
107,329,571,928,1584,1878,1876,42,1185,145
107,571,928,1584,1878,1475,1065,608,1340,658
107,571,928,1584,1878,476,1717,642,1698,974
107,571,928,1584,1878,677,1376,1274,1836,1782
107,571,928,1584,1878,1817,1848,745,1211,73,1190
107,571,928,1584,1878,1683,660,1285,435,915
107,571,928,1584,1878,476,677,1648,925,554
107,571,928,1584,1878,919,1308,1192,1368,1106
107,571,928,1584,1878,509,739,1720,322,1473
107,571,928,1584,1878,1020,1308,773,89,1101
107,571,928,1584,1878,1373,745,313,1510,1533
107,571,928,1584,1878,444,1216,547,176,275
107,571,928,1584,1878,1572,429,25,1506,944
107,199,571,928,1584,1878,252,2,456,670,779
107,571,928,1584,1878,1876,1411,803,1147,1190
107,571,928,1584,1878,707,495,1599,407,451
107,571,928,1584,1878,461,320,694,1824,717
107,571,928,1584,1878,738,553,608,1429,992
107,571,928,1584,1878,1783,25,1165,1876,509
107,571,928,1584,1878,1327,247,1411,1649,1610
107,571,928,1584,1878,1123,623,718,881,1388
107,571,928,1584,1878,373,1541,1715,115,366
107,571,928,1584,1878,1163,199,1631,1637,120
107,571,928,1584,1878,1510,1586,434,500,762
107,571,928,1584,1878,115,639,771,1466,110
107,571,745,928,1584,1878,1569,464,51,1649
107,571,928,1584,1878,1003,1667,10,166,1037,1138,1541,1615,1851
107,571,928,1584,1878,110,798,531,1729,891
107,571,928,1584,1878,343,716,838,1215,1804
107,571,928,1584,1878,1476,1350,1520,1391,1321
107,571,928,1584,1878,88,917,837,1342,1876
107,571,928,1584,1878,340,580,811,1342,54,1156
107,571,928,1584,1878,1467,1554,533,805,1376
107,127,386,571,928,1291,1584,1878,1473,1642
107,571,928,1584,1878,1520,658,625,1572,350,1555
107,571,928,1584,1878,1754,1284,1118,630,891
107,571,928,1584,1878,1327,20,88,366,757
107,571,928,1584,1878,621,676,1358,1475,1144
107,571,928,1584,1878,717,127,1388,429,56
107,571,928,1584,1878,151,1197,1572,41,869
107,571,928,1584,1878,1388,775,891,1754,1049
107,571,928,1584,1878,229,1020,1752,1817,1118
107,571,928,1584,1878,660,1274,837,915,1164
107,571,928,1584,1878,1824,1411,503,509,1278
107,571,928,1584,1878,1190,286,199,1541,441
107,571,928,1584,1878,1649,916,1853,1720,35
107,571,928,1584,1878,811,1342,707,1848,1176,1666
107,571,928,1584,1878,1583,1466,617,1389,1621
107,571,928,1584,1878,262,1642,54,1334,1342
107,571,928,1584,1878,811,51,1284,1118,1754
107,571,928,1584,1878,1294,89,247,1790,262
107,571,928,1584,1878,745,1430,1388,1216,1257
107,571,928,1584,1878,1822,1250,974,531,1203
107,571,928,1584,1878,803,116,916,716,35
107,571,928,1584,1878,1340,523,1737,150,1350
107,571,928,1584,1878,1469,386,491,1791,146,899
107,571,928,1584,1878,476,1161,915,265,803
107,571,928,1584,1878,1120,803,719,250,1553
107,571,928,1584,1878,1729,66,881,915,1120
107,571,928,1584,1878,266,276,247,952,166,373
107,571,928,1584,1878,1190,630,1876,1118,1318
107,571,928,1584,1878,1775,1858,358,639,1359
107,571,928,1584,1878,1754,1274,32,1197,927
107,571,928,1584,1878,919,1297,1851,710,503
107,571,928,1584,1878,1466,1698,1125,1754,588
107,571,928,1584,1878,1810,371,1637,811,919
107,571,928,1584,1878,1732,811,434,133,1659
107,571,928,1584,1878,641,838,1620,1667,186
107,571,928,1584,1878,807,1505,556,1588,906
107,571,607,928,1584,1878,1453,1706,1223,1445
107,571,928,1584,1878,639,20,983,1152,1466
107,571,928,1584,1878,355,1679,1838,101,187
107,571,928,1584,1878,1480,1318,1880,427,535
107,571,928,1584,1878,221,1020,343,1484,1435
107,571,928,1584,1878,686,432,1020,275,523
107,571,928,1584,1878,658,1297,495,539,804
107,571,928,1584,1878,816,1356,1538,960,1522
107,571,928,1584,1878,151,1100,1506,1876,1683
107,571,928,1584,1878,1429,1236,1410,1342,1320
107,571,928,1584,1878,817,775,589,700,1662
107,571,928,1584,1878,1411,461,1588,1216,1055
107,571,928,1584,1878,580,738,1032,607,1203
107,571,928,1584,1878,641,1294,427,441,1466
107,571,928,1584,1878,1683,461,85,811,1610
107,571,928,1584,1878,463,1637,1848,1342,35
107,571,928,1584,1878,876,715,1729,1049,1790
107,571,928,1584,1878,677,1526,896,1416,1037
107,571,928,1584,1878,27,1683,1327,25,145
107,571,928,1376,1584,1878,635,533,1804,1303,1467
107,571,928,1584,1878,1793,35,522,1453,977
107,571,928,1584,1878,1506,1876,1008,276,1792
107,571,928,1584,1878,1343,115,1327,434,1211
107,571,928,1584,1878,322,1165,1327,523,150
107,571,928,1584,1878,1649,1641,875,658,1610
107,571,928,1584,1878,265,457,1446,221,419
107,571,928,1584,1878,919,717,793,54,24
107,571,928,1584,1878,738,329,1327,1173,1232
107,571,928,1584,1878,1327,1853,1641,280,1580
107,571,928,1584,1878,1118,1284,983,95,1754
107,571,928,1584,1878,1131,405,896,1199,775
107,571,928,1584,1878,1754,1065,1692,568,1757
107,571,928,1584,1878,589,916,974,120,1025
107,571,928,1584,1878,403,1555,823,1810,1203
107,571,928,1584,1878,700,875,935,762,1441
107,571,928,1069,1308,1584,1878,988,1588,214,435,607
107,571,838,928,948,1104,1584,1878,73,486,646,1309,1480
107,571,928,1584,1878,456,1059,1637,1147,322
107,571,928,1584,1878,1411,1460,1610,1659,1008
107,571,928,1584,1878,568,797,1223,243,607,739,1473
107,571,928,1584,1878,677,499,89,350,373
107,571,928,1584,1878,148,803,1388,1683,1033
107,571,928,1584,1878,797,1203,641,1729,1476
107,571,928,1584,1878,1541,1120,373,745,1641
107,571,928,1584,1878,1327,660,320,1203,1451,1624
107,252,571,725,928,1087,1276,1584,1878,54,407,686,843,1011,1281,1342,1410,1785,1838
107,571,928,1584,1878,663,1641,1720,895,1876
107,571,928,1584,1878,916,1631,885,273,608,1663
107,571,928,1388,1584,1878,265,1822,1049,1535
107,571,928,1197,1584,1878,775,476,59,1580
107,571,928,1584,1878,1186,186,1099,1093,366
73,107,567,571,928,1505,1584,1877,1878,183,202,354,383,445,572,662,1343,1466,1625,1627,1659,1723,1726,1827
107,571,928,1584,1878,1833,1817,476,440,711
107,571,928,1584,1878,175,1822,1809,273,1744
107,571,928,1584,1878,1223,373,15,1179,677
107,571,928,1584,1878,1209,762,1410,535,1537
107,571,928,1584,1878,322,267,1684,1216,1264
107,571,928,1584,1878,1223,236,1366,501,1416
107,571,928,1584,1878,568,16,275,1720,1297
107,571,928,1584,1878,489,1637,1827,329,1211
107,571,928,1584,1878,548,1469,1712,1791,1291
107,571,928,1584,1878,1359,186,1666,677,814
107,571,928,1584,1878,1720,1320,451,1410,110
107,571,928,1584,1878,1033,1853,775,1344,1641
107,571,928,1584,1878,568,1203,1223,1572,805
107,571,928,1584,1878,110,1190,1729,1045,775
107,571,928,1584,1878,110,925,1411,1583,892
107,571,928,1584,1878,1327,265,1624,886,937
107,571,928,1584,1878,88,185,1113,374,923
107,571,928,1584,1878,1020,1118,1284,116,1216
107,571,928,1584,1878,25,1828,725,1416,797,1253
29,107,223,571,928,1475,1584,1637,1769,1878
107,571,928,1584,1878,1009,1870,1476,1004,1190
107,571,928,1584,1878,503,939,800,1318,338,1634
107,571,928,1584,1878,340,1020,1631,1274,463
107,571,928,1584,1878,88,1327,1683,1176,1505
107,571,928,1584,1878,1817,551,1211,918,340
107,571,928,1584,1878,461,939,967,1327,1179
107,571,928,1584,1878,1598,214,939,1197,1308
107,571,928,1584,1878,921,1514,1649,797,16
107,571,928,1584,1878,494,925,775,1009,1410
107,571,928,1584,1878,437,331,916,828,1880
107,571,928,1584,1878,461,1223,1520,1451,1476
107,571,928,1584,1878,127,663,1537,1480,1475
107,571,928,1584,1878,148,1284,116,1264,700
107,571,928,1584,1878,1318,677,1009,249,1388
107,571,928,1584,1878,1004,804,1871,120,421
107,571,928,1584,1878,1814,784,917,1858,374
107,571,928,1584,1878,663,476,735,630,608
107,571,928,1584,1878,1144,229,1049,707,409
107,571,928,1584,1878,1049,1679,1284,62,1216
107,571,928,1584,1878,553,1359,814,366,1321
107,571,928,1584,1878,1537,1683,127,745,397
107,571,928,1584,1878,110,662,1274,1676,1583,1628
107,571,928,1584,1878,1451,115,641,775,1410
107,571,928,1584,1878,677,803,1876,819,265
107,571,928,1584,1878,1720,916,992,1637,550
107,571,928,1584,1878,1190,461,1318,918,817
107,571,928,1584,1878,1190,35,1782,1476,32
107,571,928,1584,1878,916,1025,1635,1720,331
107,571,928,1584,1878,1642,798,771,84,1340
107,571,928,1584,1878,1720,509,677,1484,541
107,571,928,1584,1878,1729,589,115,639,682
107,571,928,1584,1878,762,1099,1815,550,814
107,571,928,1584,1878,1147,1876,1588,366,329
107,571,928,1584,1878,229,1772,1407,1025,358
107,571,928,1584,1878,1274,236,916,773,551
107,571,928,1584,1878,476,762,316,738,285
107,571,928,1584,1878,816,1106,1429,1522,140,212
107,571,928,1584,1878,350,435,1190,135,711
107,571,928,1584,1878,658,1176,1344,1373,1330
107,175,215,249,257,396,495,571,928,999,1049,1253,1584,1679,1878
107,571,928,1584,1878,1122,803,1790,1793,495
107,355,571,928,1511,1584,1878,591,842,1655,1752
107,571,928,1584,1878,1190,115,110,1284,1476
107,571,928,1584,1878,110,803,1038,837,1223
107,571,928,1584,1878,110,461,1572,1223,1035
107,571,928,1584,1878,891,1434,322,588,939
107,571,928,1584,1878,1411,1340,1344,630,1140,1755
107,571,928,1453,1584,1657,1878,42,780,1511
107,571,928,1584,1878,144,917,886,1823,150
107,571,928,1584,1878,700,1572,1347,1284,1541
107,571,928,1584,1878,186,1118,1284,16,891
107,571,928,1584,1878,1376,899,84,1791,49
107,571,928,1584,1878,1294,1476,1190,432,451
107,571,928,1584,1878,1674,1,1387,1274,1278
107,571,928,1584,1878,551,1538,717,998,1810
107,571,928,1584,1878,1683,214,440,1211,1069
107,571,928,1584,1878,1190,1451,1173,660,1683
107,571,928,1584,1878,331,1415,1092,752,817
107,571,928,1584,1878,1004,594,717,1637,42
107,571,928,1584,1878,1866,1350,329,1588,1783
107,571,928,1584,1878,775,1476,523,1410,732
107,571,928,1584,1878,1537,630,115,771,925
107,571,928,1584,1878,1752,229,313,640,39
107,571,928,1584,1878,700,775,1586,229,1698
107,571,928,1584,1878,320,717,674,519,329
107,571,928,1584,1878,745,621,313,88,1657
107,571,928,1584,1878,891,1817,1388,84,798
107,571,928,1584,1878,476,1190,88,686,1451
107,571,928,1584,1878,320,1679,1376,146,1466
107,571,928,1584,1878,115,823,1284,1131,588
107,571,928,1584,1878,771,711,1466,262,1480
107,571,762,928,1312,1584,1878,176,535,558,608
107,571,928,1584,1878,1876,1520,257,115,1327
107,571,928,1584,1878,1637,88,1783,1312,891
107,571,928,1584,1878,823,1666,1555,1793,621
107,571,928,1584,1878,35,745,1069,1308,461
107,571,928,1584,1878,1610,427,658,1340,250,602,797,1140
107,571,928,1584,1878,798,1817,1211,551,1020
107,571,928,1584,1878,110,1538,503,677,261
107,571,928,1584,1878,1274,677,1327,368,370
107,571,928,1584,1878,1291,183,386,31,975
107,571,928,1584,1878,1641,1049,499,523,530
107,571,928,1584,1878,276,396,1876,1889,1004
107,571,928,1584,1878,686,554,1025,223,1876
107,571,928,1584,1878,116,236,1219,905,1537
107,571,928,1584,1878,623,1674,11,1679,949
107,571,928,1584,1878,1209,819,1147,11,1039
107,571,928,1584,1878,1790,1876,895,1123,127
107,571,928,1584,1878,895,1140,1732,1866,1276
107,571,928,1584,1878,1476,602,1140,350,1411
107,571,928,1584,1878,895,1223,1790,1486,265
107,571,928,1584,1878,1274,373,1683,1624,322,573
107,571,928,1584,1878,623,1674,11,1679,949
107,571,928,1584,1878,461,1342,1069,1717,804
107,571,928,1584,1878,1475,221,1510,16,1484
107,571,928,1584,1878,266,744,1149,1260,500
107,571,928,1584,1878,677,1257,1033,1274,1449
107,571,928,1584,1878,1410,775,979,660,1211
107,571,928,1584,1878,175,1327,1876,1100,969
107,571,928,1584,1878,150,1194,1580,896,803
107,571,928,1584,1878,229,110,891,1466,1350
107,571,928,1584,1878,461,1642,1572,1435,1683
107,571,928,1584,1878,96,1190,11,960,797
107,571,928,1584,1878,1342,1359,927,1236,435
107,571,928,1584,1878,32,639,1451,202,383
107,571,928,1584,1878,1440,1273,1194,366,159
107,571,928,1584,1878,1388,1588,35,771,896
107,571,928,1584,1878,499,1120,803,630,639,1480
107,571,928,1584,1878,273,1120,621,313,175
107,571,928,1584,1878,1197,1149,1069,823,1131
107,571,928,1584,1878,1510,1211,895,275,1720,1876
107,571,928,1584,1878,523,823,340,803,1714
107,571,928,1584,1878,1212,1853,1817,115,1754
107,571,928,1584,1878,1586,1118,1817,983,316
107,571,928,1584,1878,1245,607,677,1185,185
107,571,928,1584,1878,1732,677,1196,1266,10
107,571,928,1584,1878,271,504,521,1092,1330,1331,1415,1440,1853
107,571,928,1584,1878,919,717,745,823,918
107,571,928,1584,1878,1451,1190,1410,658,262,535
107,571,928,1584,1878,42,607,551,1366,550,568,1453
107,571,928,1584,1878,1476,1350,469,1853,1373
107,571,928,1584,1878,10,710,1037,366,11
107,571,928,1584,1878,1216,1411,1449,88,25
107,571,928,1584,1878,621,110,324,464,707
107,571,928,1584,1878,148,771,1008,589,110
107,571,928,1584,1878,1216,265,25,1473,467
107,571,928,1584,1878,42,1720,329,1840,320
107,571,928,1584,1878,1754,476,229,366,120
107,571,928,1584,1878,110,1350,1020,294,1009
107,571,928,1584,1878,1294,1456,370,925,1440
107,571,928,1584,1878,1211,1331,1667,1347,329
107,571,928,1584,1878,441,1223,1216,1466,412
107,571,928,1584,1878,1209,1817,1869,1294,918
107,393,430,571,572,605,928,1584,1878,114,185,220,299,310,327,444,524,547,573,612,679,743,744,762,874,965,975,1079,1172,1178,1362,1502,1568,1594,1601,1736,1775,1781,1830,1849
107,571,928,1584,1878,89,1730,1140,939,1366
107,571,928,1584,1878,553,814,891,983,1109,1223
107,571,928,1584,1878,519,1409,639,608,1333
107,571,928,1584,1878,1321,519,1099,478,320,451
107,571,928,1584,1878,1505,1232,1069,1108,1015
107,571,928,1584,1878,1520,658,1203,906,1801
107,571,928,1584,1878,247,1308,1020,1278,313
107,571,928,1584,1878,707,1635,437,51,1276
107,571,928,1584,1878,1294,1451,51,1223,1350
107,571,928,1584,1878,1051,1320,838,1059,635,1312
107,571,928,1584,1878,983,1105,280,881,1211
107,571,928,1584,1878,1121,1316,1515,1666,366
107,571,928,1584,1878,804,120,1075,1335,1783
107,571,928,1584,1878,1190,521,144,848,666
107,571,928,1584,1878,607,1257,1351,1858,509
107,571,928,1584,1878,110,1026,521,677,1238
107,571,928,1584,1878,35,960,1472,1476,1881
107,571,928,1584,1878,589,407,681,338,294,1599
107,571,928,1584,1878,1294,1525,1179,1665,1318
107,571,928,1584,1878,1683,660,185,658,1848
107,571,928,1584,1878,1772,1232,1192,1847,1467
107,571,928,1584,1878,1388,771,24,1120,707
107,571,928,1584,1878,919,1257,779,1537,908,1308
107,571,928,1584,1878,1583,1642,757,463,25
107,571,928,1584,1878,623,1674,11,949,1025
107,571,928,1584,1878,243,1161,1410,96,831
107,571,928,1584,1878,530,536,1679,1641,1475
107,571,928,1584,1878,1791,548,1712,555,996
107,571,928,1584,1878,1049,927,456,176,895
107,571,928,1584,1878,1880,231,814,1389,1851
107,571,928,1584,1878,1409,998,1065,1264,494,1642
107,571,928,1584,1878,623,1674,11,1679,949
107,571,928,1584,1878,623,1674,11,1679,949
107,571,928,1584,1878,623,1674,11,1679,949
