0,101.12,0,0,0,0,151.121,217.183,937.152,271.355,244.674,692.309,1605.12,1413.17,220.801,1875.55,76.8263,309.966,47.5501,578.653,659.55,777.897,211.599,483.614,63.8197,176.159,403.842,488.644,2628.8,405.307,441.653,393.071,1832.27,1033.07,152.288,94.758,408.721,200.057,296.041,290.832,963.162,487.711,191.696,188.484,281.52,130.855,328.181,440.924,330.774,283.388,267.801,410.054,421.762,39.6626,472.721,231.523,976.033,580.739,389.82,263.513,779.596,370.849,1594.43,249.137,743.605,393.528,379.952,274.002,458.403,397.091,103.882,398.957,667.328,216.97,339.339,226.45,430.034,187.31,552.013,1057.65,318.284,101.726,408.25,201.042,175.911,210.915,202.419,1750.22,539.065,169.371,97.743,295.569,431.149,565.046,298.063,340.492,349.112,331.645,433.449,72.7477,394.216,497.683,121.254,578.731,649.718,326.642,91.7751
0,0,0,0,0,446.929,39.6277,236.45,93.1708,90.9238,42.9791
0,0,0,0,0,55.4184,47.3256,146.403,179.111,129.825,119.126
0,168.765,0,0,0,0,347.345,69.8204,182.956,82.9337,254.814,247.377
0,0,0,0,0,119.09,102.165,64.9828,527.645,425.907,136.094,68.7347,244.915,247.82,126.16
0,0,0,0,0,100.931,44.3983,42.9573,37.1538,27.9891
0,0,0,0,0,37.9386,43.7854,55.8708,68.8644,61.3443
0,0,0,0,0,56.3651,25.9949,19.5308,15.3995,9.327
0,20.0946,552.702,0,527.909,0,362.833,1071.91,380.005,825.842,0,0
0,0,0,0,0,86.9835,53.7139,86.5437,28.1578,15.2662,124.585
0,0,0,0,0,90.6876,62.7118,59.8886,519.459,243.638
0,190.091,0,397.224,0,0,0,150.847,83.9689,107.311,327.336
0,0,0,0,0,9.91952,12.0386,20.9541,25.5769,9.77098
0,0,0,0,0,35.6774,22.8068,14.6493,33.6046,21.4566
0,0,0,0,0,91.6404,69.7851,10.8733,153.109,42.1078
0,0,0,0,328.459,0,138.524,1537.91,1358.12,1206.98,1766.99,434.288,97.4348,40.8299,77.4259,689.19,70.9911,1222.42
0,0,0,0,0,27.1654,15.203,25.9872,19.3666,38.1404
0,0,0,0,0,66.0574,21.0036,25.7165,39.4896,35.3991
0,0,0,0,0,19.4135,16.2242,57.1251,11.1091,28.1651
0,0,0,0,0,17.9562,41.6653,12.2359,53.5854,8.12626
0,0,0,0,0,47.8283,48.4204,53.977,46.7977,75.6936
130.563,0,0,99.6251,74.5346,0,45.6131,206.393,504.526,158.611,0,68.1937,0
0,0,0,0,0,29.8643,7.57182,26.4226,17.4868,52.9045
0,0,0,0,0,58.3203,30.0572,22.4857,42.9161,13.5478
0,0,0,0,0,20.4828,15.5763,25.7824,15.0006,22.3473
0,0,0,0,0,23.059,74.8142,11.4775,56.8084,53.0414
0,0,0,0,0,66.1424,169.698,46.3698,46.2309,82.9562
0,0,0,0,0,65.3689,55.1954,59.8156,104.791,97.3134
0,0,0,0,0,62.3259,69.835,82.2636,106.783,65.9652
0,0,0,0,0,45.7565,188.25,58.6885,69.2482,41.3233
0,104.763,0,152.686,0,0,0,358.596,89.0572,156.749
0,0,0,0,0,91.5127,48.2051,51.6261,65.6458,31.6915
0,0,0,0,0,70.781,110.661,15.7391,40.5686,162.737
0,0,0,0,0,21.4221,76.8134,22.8037,127.132,30.4298
0,0,0,0,0,751.273,480.292,415.058,584.434,327.424,271.515
0,0,0,0,0,38.268,28.1026,46.6644,21.7384,24.9713
0,0,0,0,0,18.1558,33.5368,197.78,189.548,143.158
0,0,0,0,0,93.8816,133.368,33.2482,39.3159,79.507
0,0,0,0,0,27.0266,52.3,40.8076,45.8625,16.1335
0,0,0,0,0,39.4962,21.4943,18.4635,28.9458,15.856
0,0,0,0,0,62.2101,39.5308,206.251,60.8736,47.4546
0,0,0,0,0,25.4163,4.46863,74.1303,16.0082,16.4757
0,0,0,0,0,11.762,32.2468,59.457,55.0514,20.0151
0,0,0,0,0,16.5353,32.1424,35.851,30.8667,42.7493
0,0,0,0,0,73.7344,50.2016,168.558,38.9046,49.7801
0,0,0,0,0,46.4737,37.4647,32.8273,15.0631,31.3746
0,0,0,0,0,19.8149,17.5458,7.77255,15.7305,6.94009
0,0,0,0,0,17.605,28.909,8.88938,35.7568,20.1714
0,0,0,0,0,29.4811,12.8793,14.8207,29.6623,60.7111
0,0,0,0,0,160.495,842.409,325.614,341.336,440.055,403.971
0,0,0,0,0,65.0667,159.798,22.9295,252.95,62.7907
0,0,0,114.836,0,560.91,0,173.27,307.922,408.551,84.0069,378.118,241.657,331.101
0,0,0,0,0,12.3874,26.9781,15.1339,53.0277,13.2319
0,0,0,0,0,171.181,55.9742,39.1901,53.2529,599.885,216.513
0,0,0,0,0,10.6367,13.2295,20.0684,24.5033,27.9556
0,2087.12,1930.89,591.73,2117.4,2498.93,1433.7,0,140.39,464.802,0,1813.22,145.845,2139.6,543.994,189.734,1636.46,643.389,0,604.574,134.053,0,514.904
0,0,0,0,0,34.2865,37.7697,14.7282,22.4443,23.1318
0,0,0,0,0,200.828,230.338,143.07,37.371,87.1727
0,0,0,0,0,64.305,147.096,49.5776,728.772,242.235,113.135
0,0,0,0,0,61.9102,28.0977,24.3977,13.0554,31.2725
0,0,0,0,0,126.53,145.224,806.627,139.009,141.302
0,0,0,362.576,0,0,159.788,278.62,423.476,350.202,334.907,131.531,191.94,41.6422,294.261
0,0,0,0,0,33.4419,10.2139,26.3057,16.9766,46.7556
0,0,0,0,258.514,0,68.1343,29.156,166.969,199.711,65.8503
0,0,0,0,0,37.0552,48.5904,44.043,30.1581,88.997
0,238.488,0,0,0,126.32,0,43.1667,150.525,118.836,53.1871
0,0,0,0,0,24.0817,30.6127,8.18143,36.02,11.9254,9.60213
0,0,0,0,0,45.4673,20.6155,8.90017,33.5256,7.62991
0,0,0,0,0,16.7587,89.9138,70.4456,72.1263,26.9393
0,0,0,0,0,36.7576,60.3744,31.3274,61.3922,34.6169
0,0,0,0,0,35.4894,51.659,69.829,33.4705,53.8429
0,0,0,67.0723,0,0,37.2594,30.8784,24.3934,45.0881
0,0,0,0,0,11.8319,30.8017,48.3893,39.2963,24.4995
0,0,0,0,0,61.4836,61.2897,81.7047,31.1234,59.2515
0,0,0,0,0,79.3988,97.4278,159.55,249.237,41.0383,122.662
0,0,0,0,0,13.9044,134.811,41.1373,106.993,51.6665
0,0,0,0,0,18.5989,113.219,31.3516,72.9381,23.7938
0,327.058,0,73.2831,134.098,0,367.775,80.5063,0,219.899,0
0,0,0,0,0,76.2481,41.5585,85.6605,28.7234,82.1444,33.9965
0,0,0,0,0,69.2468,49.7086,41.5319,31.5982,67.6766
0,0,0,56.6817,0,0,123.373,92.1876,45.3959,33.4433
0,0,0,0,0,41.4507,9.32813,51.0129,25.7049,42.9619
0,0,0,0,0,58.1542,131.731,160.186,61.7875,108.045
0,0,0,0,0,114.321,55.8932,39.5237,89.233,95.1709
0,0,0,0,0,32.1885,15.9511,6.35954,14.8212,22.5559
0,0,0,0,0,53.3234,35.8411,32.9053,32.399,38.8097
0,0,0,0,0,22.4175,95.0991,134.484,26.4326,29.1503
0,0,0,0,0,44.8671,70.7296,28.7427,21.0779,22.5338
0,0,0,0,0,44.1616,16.6853,66.7629,21.9818,33.4133
0,0,0,0,0,39.6243,32.5073,10.5382,25.8578,8.81813
0,0,0,0,0,18.4694,21.876,30.3405,7.47025,16.4122
0,504.652,358.271,417.18,0,0,277.712,349.946,0,249.192,74.9544,0
0,0,0,0,0,6.20677,26.2127,16.6388,15.1746,24.3218
0,0,0,0,0,19.3062,162.608,27.1457,333.694,159.725
0,0,0,0,0,105.311,106.84,203.146,75.3285,207.542
0,0,0,0,0,39.3363,49.4567,80.2887,47.0914,59.0127
0,0,0,0,0,309.684,190.672,72.4118,106.317,227.862
0,0,0,0,0,11.4671,44.6632,19.6272,36.8061,37.5291
0,0,0,0,0,131.706,279.744,355.36,151.539,312.05,218.092,460.497,164.561
475.768,0,262.022,0,68.5321,369.181,450.834,0,483.015,0,0
105.829,0,106.646,204.471,91.1723,0,0,291.281,0,0
0,0,0,0,0,18.6258,27.7435,40.6385,44.2227,26.1691
0,0,0,0,0,179.294,38.7743,24.5635,45.033,143.303,253.091
0,0,0,612.888,204.699,0,0,390.268,325.161,259.137,379.072
0,0,0,0,0,40.5522,31.8484,20.5773,51.2259,10.8726
0,0,0,0,0,170.686,310.798,19.3229,135.858,30.4503,70.2341
0,57.5844,0,116.632,0,0,448.864,0,127.501,214.555,85.7083
0,0,0,0,0,40.1247,38.9639,66.989,33.6718,49.5477
0,0,0,0,0,38.2355,44.5345,14.2167,79.6443,26.2838
0,0,0,136.668,178.47,0,0,138.378,15.1002,46.3465,73.839,45.0923
0,0,0,0,0,54.6688,382.379,119.743,23.6435,143.402
0,89.2651,0,0,0,0,19.6039,56.0434,25.6211,39.2304
0,0,0,0,0,84.4291,22.4613,212.358,37.0055,85.7619
995.598,475.925,0,0,0,517.951,0,0,115.216,158.301,218.36,383.365,74.5487,60.2216,117.873,38.0375,141.536,63.4196,297.831
0,0,0,0,0,359.441,84.3758,90.1293,216.724,126.912
0,0,0,0,0,67.479,41.2658,86.0888,21.3499,44.8484
0,0,0,0,0,32.3261,17.2829,48.8353,48.3291,36.2175
0,0,0,0,0,29.2526,27.1355,39.9499,37.7626,19.9249
0,0,0,0,0,29.0496,34.1088,11.3732,43.5214,20.7502
0,0,137.296,0,0,0,154.776,47.8885,41.8004,29.1141,138.083
0,0,0,0,0,9.4896,18.0395,13.5837,19.0959,17.9491
0,0,0,0,0,53.5786,60.654,20.1189,58.4541,55.7922
0,0,0,0,0,84.225,263.106,82.0608,111.011,171.741
0,0,0,0,0,11.1513,24.9247,14.5707,24.4939,13.2094
0,0,0,0,0,46.6501,103.792,104.706,65.8971,112.256,122.337
0,0,0,0,0,12.1903,6.37498,10.6117,13.3056,11.2941
0,244.301,0,361.077,0,0,0,70.1741,198.335,133.002,192.212,123.45
0,0,0,0,0,81.4662,29.8742,38.0259,49.3064,30.8931
0,0,0,0,0,38.4182,18.649,27.335,15.0372,23.9475
0,0,0,0,0,39.6202,79.9921,132.416,83.9438,82.1791,53.8567
0,0,0,0,0,22.4999,10.1609,14.8658,42.3984,24.5741
0,0,0,0,0,28.3467,42.5861,33.6096,39.1113,43.8185
0,0,0,0,0,22.6969,51.2521,44.1309,14.4965,23.0268
0,0,0,0,172.065,0,45.6284,87.4003,27.435,92.1386,36.4712
0,0,0,0,0,33.6217,11.6577,22.2901,7.08379,55.9813,14.5842
0,0,0,0,0,27.7777,174.007,62.7852,61.9502,151.025
0,0,0,0,0,31.6468,33.0841,18.1169,26.0913,18.8646
0,229.809,0,80.2571,270.658,0,414.304,0,0,177.98,79.0848
0,0,0,0,0,51.4123,73.8664,53.7218,74.7462,64.1575
0,0,0,0,0,23.0941,81.2419,39.6418,17.1448,22.2526
0,59.682,0,108.635,0,0,0,441.279,247.744,166.341
0,0,0,0,0,14.7009,26.6121,16.5921,19.3677,44.8114
0,0,0,0,0,53.5457,36.8191,25.4798,42.0648,22.1734
0,0,0,0,0,151.421,73.9829,37.8565,42.9455,24.8023
0,0,0,0,0,16.2477,26.6804,29.9604,36.6922,39.6362
0,0,0,0,0,48.3055,61.6444,28.3014,9.55316,26.6155
0,0,0,0,0,40.3474,42.7654,22.4366,27.0132,25.0312
0,0,0,0,0,251.791,197.423,314.498,96.0896,889.861
0,0,0,0,0,52.2071,45.9776,99.2015,96.0714,47.7015
0,0,0,0,0,46.8945,97.3266,53.3015,104.26,53.4601,106.256
30.9964,0,52.767,0,270.784,504.368,156.65,0,225.897,427.718,469.815,94.8541,0,0
0,0,0,0,0,508.449,430.259,23.554,46.9935,99.6787
0,0,103.226,0,0,0,142.3,155.519,231.013,554.246,608.771
0,0,0,0,0,112.216,38.9924,37.9862,35.9986,35.9494
0,0,0,0,0,40.9474,15.2519,10.4766,38.2039,25.4278
0,0,0,0,0,35.8653,26.8243,33.3451,33.2735,38.0343
0,0,0,0,0,37.4216,24.3295,38.4367,15.6469,31.4429
0,0,0,0,0,75.4355,52.5983,48.2809,39.53,42.457
0,0,0,0,0,8.53918,11.4707,25.7781,23.9745,14.9364
0,0,0,0,0,43.1141,26.2427,32.509,76.8845,37.7449
0,0,0,0,0,116.818,66.022,185.057,91.7191,24.048
0,0,0,0,0,72.8479,172.687,139.349,169.066,98.3098
0,0,0,0,0,116.015,61.2879,88.4779,99.3388,139.046
0,0,0,0,0,81.6699,132.692,101.328,16.459,61.8852
0,0,0,0,0,99.3053,35.2663,102.831,131.802,57.2262
0,0,0,0,0,71.0389,62.3791,61.8696,121.463,28.237
0,0,0,0,0,35.7792,38.6153,26.2735,11.0836,39.997
0,0,0,0,0,40.7499,32.6227,27.1537,36.8752,12.3934
0,0,0,0,0,21.276,56.6918,19.7663,9.79813,33.6919,58.8465
0,0,0,0,0,16.0397,14.6253,11.9474,42.8361,61.619
0,0,0,0,0,17.6734,11.4078,19.1576,27.6186,16.585
0,0,0,0,0,24.3279,36.1276,29.9963,15.8118,21.9625
0,0,0,0,0,101.693,11.5276,94.9719,37.8935,63.6665
0,0,0,0,0,125.563,303.852,59.1914,140.195,154.878
0,0,0,0,0,49.4599,13.7557,51.2961,22.0254,9.0499
0,0,0,0,0,222.699,345.292,88.8551,231.203,86.6006
0,0,0,0,0,227.381,51.8555,147.366,108.313,191.798,35.3316
0,0,0,0,0,63.6333,31.0209,13.0786,278.06,187.703
0,0,0,0,0,223.837,50.4949,94.1964,166.696,86.787
0,0,0,0,0,8.76284,7.28206,18.1683,9.0962,8.12145
0,0,0,0,0,54.5274,23.4042,16.4381,49.8285,91.004,19.6995
0,0,0,0,0,11.6479,15.1244,20.3412,37.8205,19.5993
0,0,61.7026,0,0,0,38.7342,59.7925,77.512,61.8913
0,216.445,76.3396,0,0,132.675,0,0,231.507,350.694,167.047,89.7455
0,208.464,269.473,0,273.733,0,510.696,0,0,291.771,162.625,53.3411,69.5296,550.534,222.27
0,0,0,118.776,0,0,84.9949,63.7567,182.25,537.601,52.3814,128.123
0,0,0,0,0,72.2623,43.5678,26.8439,38.4823,39.9276
0,0,0,0,0,19.9431,77.0882,93.0727,106.302,336.649
0,0,0,0,0,53.4182,29.7099,90.2743,47.7716,77.8066
0,0,0,0,0,89.2762,23.5491,55.8704,40.6295,16.9071
0,150.783,0,0,0,0,113.541,33.146,71.3096,80.1213
0,0,0,0,77.7896,0,41.672,79.8361,14.5033,58.1557
0,0,0,0,0,81.7917,85.1958,108.96,65.1788,72.2375
0,0,0,0,0,18.5795,34.0951,8.50298,11.1302,8.02537
0,0,0,0,0,43.3011,24.6195,87.0242,75.3622,17.1479
0,0,0,0,0,275.75,311.164,130.094,320.374,312.802,68.2309
0,0,0,0,0,30.07,50.8715,55.4347,50.4913,59.6816
0,0,0,0,0,69.3696,69.9242,81.4147,12.5,44.3901
0,0,0,0,0,10.6429,23.9456,18.055,18.8659,10.5734
0,0,0,0,0,11.1906,28.7245,6.97853,21.9347,23.5092
0,1159.48,98.7409,185.215,2064.47,0,130.955,531.599,386.78,2066.47,681.679,0,627.671,490.19,129.026,1154.5,20.4526,0,1231.59,0
0,0,0,0,0,305.847,340.736,226.264,469.808,164.89,509.215
0,0,0,0,0,33.3086,37.9635,237.293,69.1791,38.3354
0,0,0,0,0,39.8681,27.674,22.3929,42.756,57.6895
0,0,0,0,0,41.7422,23.3726,33.3115,13.2304,22.0593
0,0,0,0,0,61.3738,39.9545,26.1681,43.4339,23.5686
0,0,0,0,0,73.5579,30.42,184.832,105.411,186.033,79.3568
0,0,0,0,0,21.3365,37.3467,39.9728,25.2338,13.4166
0,0,210.406,94.6444,0,0,111.19,353.513,0,213.405,238.24,169.382,273.978,345.934,77.7545,175.138
0,0,0,0,0,65.2032,39.0562,149.669,78.9184,21.4257,75.3052,35.3824
0,0,0,0,0,60.8939,56.9004,35.4785,68.2113,121.559
0,0,0,0,0,145.512,108.906,47.448,36.1059,50.1623
0,0,0,0,0,30.2538,102.748,196.233,507.064,1323.27,987.212,100.205,354.141,654.966,957.178,318.419,1133.69
0,0,0,341.589,0,151.063,0,89.9732,440.4,53.1711,182.576,59.4821,173.38,252.257,59.4515,44.6023
0,0,0,0,0,34.5891,37.0805,57.8547,116.182,53.1559
0,0,0,0,0,37.3483,38.162,99.6554,22.4009,17.2588
0,0,0,0,0,34.4814,34.9611,72.9911,26.6677,83.3703
0,0,0,428.998,0,1663.46,0,793.967,2078.4,322.718,527.198,1693.25,626.362
0,0,0,0,0,52.6917,227.482,24.9672,135.043,73.8056
0,0,0,0,0,27.2756,36.4301,41.0518,31.0861,72.0128
0,0,0,0,0,71.1536,124.159,75.2962,55.9567,81.6072
0,0,0,0,0,39.1175,49.6758,48.9083,21.6443,42.1709,34.9876
0,0,0,0,0,31.7806,86.6084,41.8618,160.725,29.8897,211.807
0,0,0,0,0,11.4694,29.6719,63.4761,37.7054,25.1095
0,0,0,0,0,43.7926,9.32043,37.8311,35.6523,15.2842
0,0,0,0,0,66.2069,119.641,181.924,286.764,119.624,455.979,56.418
0,0,0,0,0,26.0498,33.2795,11.1055,21.8215,18.6721
0,0,0,0,0,13.8244,21.2368,19.1467,10.6992,17.4836
0,0,0,0,0,53.3744,18.453,24.5342,25.1401,13.7159
0,0,0,0,0,31.6791,52.9232,23.5993,24.7495,35.7616
0,0,0,0,0,265.274,53.3433,29.5799,67.3892,47.7514
0,0,0,0,53.713,0,192.207,58.1131,136.238,95.2757
0,0,0,0,0,44.7597,16.9998,24.0636,34.3986,20.1226
0,0,0,0,0,241.297,164.426,21.2831,33.2968,216.811,157.516
0,0,0,0,0,21.7882,57.866,226.721,77.4417,104.253,218.133,17.7421
0,0,0,0,0,15.9247,35.8606,22.7649,8.23949,23.4336
0,0,0,0,0,7.92778,18.2824,6.51632,7.71671,4.78304
0,138.662,0,0,0,0,116.487,126.008,37.2066,42.5008
0,0,0,0,0,86.0762,26.0406,28.7499,46.0769,27.3395
0,155.515,0,185.261,0,270.101,128.105,0,84.227,0
0,0,0,0,0,71.7531,28.6571,61.2874,33.0267,48.3855
0,0,0,0,0,37.2362,78.5664,113.843,92.3161,36.9677
0,0,0,0,0,9.63755,49.1391,19.6189,12.1004,19.8844
0,0,0,0,0,145.241,64.4963,21.3193,108.674,215.658
0,0,0,0,0,35.0618,27.199,45.8998,20.3388,64.7458
0,0,0,0,0,25.2374,27.4538,29.9514,25.5856,25.3774
0,0,0,0,0,82.5165,99.2155,146.026,37.111,143.487
0,107.829,0,0,0,0,158.262,20.959,62.0573,82.7336
0,0,0,0,0,41.2421,62.5981,75.3962,37.8724,53.9833
0,0,0,0,0,19.9978,6.53528,10.8734,9.95593,15.8536
0,0,0,0,0,31.3965,31.3091,78.3243,29.3704,23.0276
0,0,0,0,0,17.8849,26.0468,103.684,51.9153,16.57,9.36656
0,0,0,0,0,69.4327,82.2788,117.306,34.2945,51.1237
0,0,0,0,0,62.5382,22.6341,20.8984,61.0784,49.5209
0,0,0,0,0,89.1015,106.536,32.5654,72.6976,48.7493
0,0,0,0,0,26.261,10.849,11.4748,27.9263,16.8464
0,0,0,0,0,30.0453,56.7618,15.8526,18.1172,8.84815
0,0,0,0,0,469.758,101.19,149.735,106.491,312.817
0,0,0,0,0,56.3355,40.5469,39.652,52.2904,33.5917
0,0,0,0,0,79.2854,16.4585,67.6498,29.7793,17.8316
0,0,0,0,0,23.3184,29.3986,19.0001,25.5553,20.528
0,0,0,0,0,25.6202,40.8748,13.4617,83.7958,51.2791
0,0,0,0,0,27.3657,19.3343,38.6003,18.5965,19.7432
0,0,0,0,0,32.8533,64.4767,13.2467,14.7883,30.6827
0,0,0,0,0,9.977,22.7056,23.1227,66.0037,40.3217
0,0,0,0,0,36.2101,22.9498,30.3135,26.9369,30.3522
0,0,0,0,0,27.6513,26.5266,50.8186,47.4141,49.4792
0,0,0,0,0,48.1257,44.9679,32.0389,59.3244,16.789
0,0,0,0,0,55.4347,41.6919,61.4046,58.5835,42.1306
0,0,0,0,0,49.9893,114.801,280.129,104.041,82.5619,42.453,306.65,134.936,273.473
0,0,0,0,0,106.095,12.3575,53.8539,75.5239,29.241
0,318.768,0,137.566,0,0,0,139.56,68.5793,136.72
0,0,0,0,0,28.7251,111.819,73.722,46.6997,24.4492
0,0,173.549,0,0,49.5201,364.081,0,70.8247,131.036,38.0457
0,0,0,0,0,53.9835,303.326,81.1631,58.5405,301.718,795.028
0,0,0,0,0,27.1971,59.2595,73.6048,78.2316,19.9629
0,0,0,0,0,17.6738,23.5503,33.0713,16.5993,40.3664
0,0,0,0,0,17.8093,24.6713,26.6867,15.1173,24.7635,37.9722
0,0,0,0,0,37.2144,9.70989,22.951,7.99077,16.262,17.9683
0,0,0,0,0,15.7804,22.2018,12.137,21.544,24.0133
0,0,0,0,0,1120.03,122.016,394.46,1532.02,303.333,143.22,156.704,98.1444
0,0,0,0,0,35.6008,25.306,8.88048,14.2201,8.39741
0,0,0,0,0,142.686,72.3763,94.5987,97.5479,42.3035
0,0,0,0,0,92.8987,46.0847,29.9462,39.2664,14.7534
0,0,0,0,0,13.8729,20.8928,33.8009,46.6028,45.5241
0,0,0,0,0,284.347,162.476,49.4806,156.927,99.0631
0,0,0,0,0,132.271,49.2127,124.469,102.658,31.2105
0,0,0,0,0,11.2445,10.8139,28.522,22.0845,20.0322
0,0,0,0,0,58.6319,209.486,31.7542,164.593,45.4587
0,0,0,0,0,19.8026,7.54771,27.3179,77.7415,42.5422
0,0,0,0,0,37.6864,26.2209,10.877,37.2515,26.6716
0,0,0,0,0,59.8072,40.5114,20.6978,22.9573,24.532
0,0,0,0,0,23.5124,26.0746,98.9441,16.9962,25.9978
0,0,0,0,0,434.198,1028.28,416.166,297.141,627.701
0,0,0,0,0,25.106,38.4296,23.5086,54.4978,27.9719
0,0,0,0,0,43.6814,31.9666,72.0243,19.734,36.0084
0,0,0,0,0,95.5697,32.6095,11.9649,15.3978,11.961
0,0,0,0,0,29.1051,247.277,428.049,47.3687,98.2428
0,0,0,0,0,15.5506,38.6736,23.5868,8.65573,10.2935
0,0,0,0,0,21.862,29.0424,19.5441,12.6288,8.91632
0,0,0,0,0,9.27635,8.56514,30.6679,13.2417,23.5523,17.3606
0,0,0,0,0,9.37621,10.2442,19.4429,9.47072,19.7679
0,0,0,0,0,32.8129,23.5846,40.5321,22.6762,30.0998
0,0,0,0,0,313.947,245.393,142.452,353.229,48.8664
0,0,0,0,0,25.0178,24.5874,74.1938,22.9463,36.5382
0,0,0,0,0,83.2927,81.9489,80.7433,264.722,80.8015,53.6214,64.7782,133.46,465.182
0,0,0,0,0,423.153,89.955,131.7,212.016,73.3984
0,0,0,0,0,112.522,16.3287,82.2897,41.5499,37.3342
0,0,0,0,0,32.1199,137.7,156.554,220.432,38.6941
0,0,0,0,0,137.598,108.681,51.4843,83.4286,41.8663,92.3243
0,0,0,0,0,45.1529,42.5943,42.7469,19.6455,19.3765,69.6666
0,0,0,0,58.5089,0,33.9784,63.8201,21.4141,37.7838
5075.48,1878.45,1308.3,381.82,1287.18,698.539,2744.47,1355.94,233.853,1268.42,1195.01,0,2148.74,629.349,1300.8,196.438,903.411,1582.24,91.5565,2111.74,115.611,1420.43,1155.05,1843.66,754.932,2393.38,791.086,2092.09,11091.3,12695.2,168.665,1211.47,175.798,104.492,1739.57,2390.41,103.631,1140.9,297.354,13075.7,1597.97,1432.74,1980.04,2838.59,2244.35,656.253,1672.49,122.846,1088.14,5419.44,287.83,1256.19,64.3618,558.967,1098.63,656.616,100.108,1856.54,1495.97,2864.59,0,1827.19,284.297,1208.97,190.5,1257.15,570.371,574.297,629.001,1313.19,223.03,1176.28,622.569,3556.86,12445.3,1655.73,71.6497,711.664,4581.15,802.528,1867.74,189.914,91.7666,502.821,2538.79,3986.37,924.25,803.806,522.305,6637.71,2578.15,3596.6,4761.73,9351.55,9223.55,118.777,840.613,385.639,0,241.942,656.134,336.23,901.294,192.225,247.818,1584.61,1239.98,13004.4,11775.5,304.789,769.997,89.1809,206.299,6926.62,498.043,688.666,125.627,213.959,7767.18,1021.12,3817.71,332.182,13411.4,204.126,53.6712,1794.39,9271.69,1051.94,468.269,2754.38,751.701,1819.14,1939.72,1500.03,499.447,485.604,595.584,862.43,599.501,597.193,559.292,7122.22,430.608,13330.6,1584.25,1037.05,822.949,360.614,12779.3,1077.05,323.264,1796.06,462.321,13387.8,0,363.509,1120.21,904.298,1272.56,4100.53,2566.49,12102.7,195.296,1932.23,4773.92,6553.46,4103.6,909.68,977.818,7132.62,362.913,1388.26,1655.1,4117.6,240.357,1036.96,692.823,1750.4,397.927,4657.54,4300.86,0,1249.42
0,0,0,0,0,33.695,34.3178,25.7132,63.0735,221.657
0,0,0,0,0,4.18421,11.1349,13.4154,6.95789,10.8751
0,258.172,103.976,0,0,0,0,217.068,394.561,59.4187,35.1562,55.1207,63.6984,117.04
0,0,0,0,0,23.7604,107.438,24.1751,13.7023,96.7196
0,0,0,0,0,20.791,42.2514,36.752,74.0524,53.2777,39.8561
0,0,0,0,0,320.016,150.411,238.73,50.4097,128.219
0,0,0,0,0,36.0825,112.086,56.6679,40.3477,28.3689
0,0,0,0,0,37.9839,24.0037,11.3661,28.4726,13.8784,23.3143,44.2777
0,0,0,0,0,67.0445,49.5494,119.697,69.6598,197.966,66.675
0,0,0,0,0,47.6683,52.2533,32.0598,41.7102,53.3383
0,0,0,0,0,19.7946,34.5565,123.622,53.4273,41.735,56.1511
0,144.714,0,0,0,0,621.641,189.666,319.683,115.122,274.706
0,0,0,0,0,37.217,81.6436,60.4869,13.2753,71.7871
0,0,0,0,0,143.691,18.0649,91.4596,66.8079,38.7391
0,0,0,0,0,143.713,76.4781,56.6034,79.1782,37.4404,100.435
0,0,0,850.908,0,93.1929,0,464.485,544.768,415.015,75.9571,154.013
0,0,0,0,0,37.7214,53.1366,56.6285,98.1116,32.2319,32.2079
0,0,71.9877,0,0,0,141.527,42.2564,65.9523,61.5043
0,0,0,0,0,103.99,143.954,84.3583,121.353,66.9192
0,0,0,0,0,58.7541,24.6169,31.8745,134.014,114.088,78.7521,47.9352
0,0,0,0,0,7.87245,32.1211,18.0062,5.1933,11.9929
0,0,0,0,0,40.3674,27.9967,10.2996,23.3988,25.4783
0,0,0,0,0,25.9233,36.6118,39.3563,10.8354,30.9137
0,0,0,0,0,9.90554,20.5223,17.7258,13.0768,25.4116
0,0,0,0,0,12.3266,41.4253,17.573,32.1858,12.7931
0,0,0,0,0,54.6192,17.9362,19.5155,49.4123,52.0312
0,0,0,0,0,108.112,80.6097,115.442,30.5391,50.7038,159.884
0,0,0,0,0,32.0812,26.1748,46.0783,7.99529,20.9764
0,0,0,0,0,90.7507,61.7337,34.8368,106.421,84.0753
0,0,0,0,0,30.5075,16.575,26.0037,37.3286,42.8647
0,0,0,0,0,597.443,281.036,343.627,555.477,61.1824,570.938,69.583
0,0,0,0,0,114.033,114.361,254.786,35.523,176.483
0,0,0,0,0,395.315,39.6453,580.001,273.696,103.231,495.384
0,0,0,202.048,155.665,0,0,489.35,456.652,230.849,283.627,40.4138
0,0,0,0,0,81.9463,23.2863,30.2123,11.9389,24.7679
0,0,0,0,0,77.7348,12.0318,20.8661,28.6035,29.7454
0,0,0,0,0,56.8848,31.2966,13.9841,93.6903,25.1527
0,0,0,0,0,22.5115,17.897,38.1845,53.7382,107.757
0,0,0,0,0,11.8825,4.97851,8.81778,9.72855,13.5542
0,0,0,0,0,18.2753,20.2552,17.753,21.5302,24.9751
0,0,0,0,0,358.398,479.787,456.828,314.669,327.348
0,0,0,0,0,36.3512,76.352,32.7876,73.2521,124.972
0,0,0,0,0,57.6648,49.7596,133.892,79.3426,85.2542
0,0,0,0,0,63.5824,101.666,24.6235,37.456,37.8536
0,0,0,0,0,75.2328,70.0261,46.2147,114.815,111.312,37.6946
0,0,0,0,0,12.0315,39.3303,50.3529,64.7094,39.4034
0,0,0,0,0,30.4642,23.6526,32.3635,33.3209,21.321
0,0,0,0,0,96.4141,65.479,73.539,66.6131,122.204,59.4191
0,0,0,0,0,473.589,595.905,192.358,136.861,168.758,102.438
0,0,0,0,0,27.6812,13.3401,27.5894,32.6588,14.6791
0,0,0,0,0,5.32105,12.6507,14.8293,7.95267,6.17707
0,0,0,0,0,33.7558,14.2689,7.2512,10.5018,7.8949
0,0,0,0,0,6.75833,12.1627,16.0745,14.9616,21.8851
0,0,0,0,0,62.7383,49.4263,52.5863,93.8475,50.505
0,0,0,0,0,33.6975,47.9193,26.4973,17.095,51.1548,22.6156
0,0,0,0,0,13.2239,19.7576,19.4566,28.4561,24.9922
0,0,0,0,0,9.82179,26.024,39.5518,31.6587,31.8621
0,0,0,0,0,11.0494,37.3478,13.518,20.4829,34.6069
0,0,0,0,0,22.4905,17.074,36.1329,17.5228,85.1315
0,0,0,0,0,128.907,89.9663,205.397,138.314,47.8554
0,0,0,0,0,129.448,35.473,30.341,76.8816,75.7178
0,0,0,0,0,25.5269,163.976,119.349,68.887,77.2425
0,0,0,0,0,60.343,25.2654,8.66371,42.8944,17.448
0,0,0,0,0,10.5127,9.91131,22.8432,39.2135,12.6052
0,0,0,0,0,35.1392,22.4514,80.7645,12.4251,30.3916
0,0,0,0,0,40.9943,27.3751,33.6408,19.4338,43.7537
0,0,0,0,0,29.1511,75.2212,20.0272,49.1182,29.0473
0,0,0,0,0,186.873,27.5834,101.01,17.8882,29.4448
0,0,0,0,0,3.96337,4.46303,18.1097,5.48175,6.6828
0,0,0,0,0,81.618,24.7348,54.5719,69.3673,61.803
0,0,0,0,0,43.1324,20.4732,17.5481,20.3859,11.9335
0,0,0,0,0,97.4472,31.2429,240.417,172.479,233.693
0,0,0,0,0,77.0075,80.8951,25.0962,67.1282,46.1261,78.4343
0,0,0,0,0,40.8474,31.9238,43.0882,24.7015,67.7393
0,0,0,0,0,28.1932,97.5291,27.6763,53.1293,32.429
0,0,0,0,0,115.912,94.6956,22.9713,138.894,77.9628
0,0,0,0,0,124.954,50.3215,37.6402,77.825,42.7588
0,0,0,0,0,20.6099,49.9691,80.3636,159.812,27.9124,68.4557
0,0,0,0,0,570.987,1229.87,344.844,94.6541,579.94
0,0,0,0,0,170.467,93.5656,15.517,30.234,9.97259
0,0,0,0,0,49.4991,44.3023,19.4047,20.1417,9.79036
0,129.237,0,0,0,0,50.8088,158.644,103.737,52.124
0,0,0,0,0,54.4519,70.2843,27.1155,23.6178,17.7355
0,0,0,0,0,15.2105,43.379,45.749,43.0947,20.9183
0,0,0,0,0,13.1541,75.3338,7.84162,26.5258,20.2438
0,0,0,0,0,135.514,34.1718,41.1356,59.6363,240.391,13.6457
0,0,0,0,0,14.1611,19.7484,34.5767,24.5631,23.5118
0,0,0,0,0,10.2874,16.6624,14.5753,8.47378,16.7484
0,0,0,0,0,58.9535,146.241,92.1091,37.8793,87.3716
0,0,0,0,0,128.474,102.187,61.9634,39.5048,120.202
0,0,0,0,0,91.5361,116.649,39.3164,55.9687,99.0191
0,0,0,0,0,51.3963,47.3815,143.331,42.857,174.889
0,0,0,0,0,80.6482,25.6927,228.371,46.6857,85.2567
0,0,0,0,0,16.9434,62.3296,13.9373,25.1259,49.0382
0,201.207,0,0,0,0,71.799,145.408,53.2711,150.41,154.365
0,0,0,0,0,43.6143,35.3891,28.4663,16.0659,11.0607
0,0,0,0,0,35.9409,45.1798,63.9794,116.735,22.8527
0,0,0,0,0,29.9997,46.7548,27.8862,15.3133,37.6478
0,0,0,0,0,21.2893,86.4246,22.9898,78.3471,59.4362
0,0,0,0,0,44.6817,27.5186,138.184,43.0439,131.437
0,0,0,0,0,6.05615,33.9791,10.4838,11.136,12.9446
0,0,0,0,0,150.753,959.781,343.061,66.1485,54.0425
0,0,0,0,0,76.0327,31.9085,58.1607,16.14,76.3195
0,0,0,0,0,159.092,140.243,67.6844,54.9951,202.001
0,0,0,0,0,25.6828,28.809,28.9421,26.3606,31.4472
0,0,0,0,0,17.0684,25.428,28.0575,35.3336,18.4985
0,0,55.3301,0,0,0,108.51,111.275,33.8431,34.1762
0,0,0,0,0,423.78,181.461,614.886,208.178,523.662,172.446,54.4877,196.633,240.06
0,0,0,0,0,20.1332,47.8781,23.4207,14.6958,26.0116
0,0,0,0,0,91.0079,260.712,399.237,760.107,319.929
0,0,0,0,0,9.42402,11.8049,16.8954,46.8641,24.5381
0,0,0,0,0,16.3306,21.7817,34.5225,46.837,21.4097
0,0,0,0,0,55.578,45.2858,42.211,59.7594,54.3927,38.3547
0,0,0,0,0,229.383,138.878,174.462,73.4017,132.664
0,161.884,541.254,0,0,333.508,0,0,152.997,65.6428
0,0,0,0,0,47.9308,36.2036,92.8078,22.5224,55.4117,44.2619
0,0,0,0,0,52.8241,52.4371,72.9995,21.8048,33.3219
0,0,0,0,0,16.2666,61.9921,16.4844,78.4102,15.2297
0,0,0,0,0,76.0846,222.808,51.9671,56.4921,52.6177
0,0,0,0,0,45.5548,37.7602,27.992,58.8887,142.456
0,0,0,0,0,34.8555,26.845,17.579,40.3855,22.4029
0,0,0,0,0,43.2308,26.4142,34.2468,31.5936,18.0642
0,0,0,0,0,43.913,72.7851,167.122,80.1551,78.7653
0,0,0,0,0,13.4355,7.35283,26.0681,16.3341,17.0291
0,0,0,0,0,16.7848,24.8147,17.1236,42.3191,34.6093
0,0,0,0,0,6.84463,17.1933,42.5176,15.4264,18.9784
0,0,0,0,0,21.99,82.7397,11.706,24.802,14.2911
0,0,0,0,0,60.524,81.5639,45.5095,29.8078,33.5265,83.9438
0,0,0,0,0,39.3219,41.8587,97.355,27.0781,61.9239
0,0,0,0,0,31.5593,39.0007,82.4618,123.354,79.1493
0,0,0,0,0,52.5646,31.69,53.2575,82.8595,35.0532
0,0,0,0,0,7.67664,44.6866,71.336,20.7668,19.6857
0,0,0,0,0,19.2271,12.5338,21.8952,12.204,12.6147
0,0,0,0,0,111.693,36.7384,15.5693,24.9708,11.2822
0,0,0,0,0,36.2773,101.442,192.512,178.763,28.7406
0,0,0,0,0,30.1159,32.2257,37.0914,26.3995,9.73683
0,0,0,0,0,203.714,239.628,55.72,492.614,38.1537,434.678
0,0,0,0,0,9.41784,27.2207,21.7242,12.2407,17.7143
0,0,0,0,0,25.0351,12.8747,14.873,23.4567,19.3653
0,0,0,0,0,12.6913,43.1286,23.395,17.2774,20.5122
0,0,0,0,0,51.2131,89.3423,99.5057,86.2355,118.34,48.1374
0,0,0,0,0,11.2169,21.3643,26.591,62.4174,11.5323
0,0,0,0,0,44.7347,12.5304,26.1251,11.3567,18.4369
0,0,0,0,0,39.6446,12.5533,13.0651,23.198,18.9044
0,0,0,0,0,25.0536,45.9253,54.931,20.9952,12.6488
0,0,0,0,0,29.884,26.5481,38.0596,23.7689,40.9879
0,0,0,0,0,210.748,62.5946,49.97,54.4494,54.7794
0,0,0,0,0,57.5083,56.6035,40.7928,73.6046,31.7663
0,0,0,0,0,58.9737,431.136,200.054,132.492,287.247
0,0,0,0,0,83.8857,88.1924,378.605,100.617,128.237
0,0,70.0267,0,0,0,364.769,206.113,35.1489,124.975
0,0,0,0,0,25.6845,56.0464,41.8366,70.7444,30.542
0,0,0,0,0,294.019,147.024,146.056,646.039,212.265
0,0,0,0,0,26.8941,7.36557,14.6958,9.37314,19.0863
0,0,0,0,0,67.951,48.0815,32.6864,27.2212,40.028
0,0,0,0,0,28.2659,28.2223,64.152,83.3801,35.559
0,0,0,0,0,29.7404,73.5045,43.6886,26.8103,49.4879
0,0,0,0,0,200.761,199.811,36.9619,20.1673,224.982
0,0,0,0,0,35.1914,83.2286,28.7148,23.7754,12.3828
0,0,0,0,0,122.085,51.5543,29.883,63.1057,23.1282
0,0,0,0,0,26.7879,20.4678,29.2941,19.7585,61.0931
0,0,0,0,0,50.6729,43.0806,74.7169,20.5794,119.82
0,0,0,0,0,49.6833,27.8957,50.1329,25.957,13.104
0,0,0,0,0,32.2925,9.79693,15.9189,36.0085,35.5816
0,0,0,0,0,21.7661,34.0769,73.0659,49.5267,43.1414
0,0,0,0,0,35.1067,42.9177,26.46,67.4715,24.4751
0,0,0,0,0,24.5392,26.8488,16.2015,14.8405,17.5131
0,0,0,0,0,17.9058,56.497,27.2792,96.5894,157.929
0,0,0,0,0,22.7306,10.483,8.8838,10.2906,17.4559
0,0,0,349.558,0,0,382.377,385.758,274.01,308.935,383.784
0,0,0,0,0,49.3139,24.2101,105.7,171.634,102.069
0,0,0,0,0,28.2266,21.7864,22.0441,41.279,31.9965
0,0,0,0,0,22.2701,13.1251,9.25157,20.4936,26.234
0,0,0,0,0,10.9779,30.5051,5.12491,15.8418,13.147
0,0,0,0,0,36.8096,34.9824,58.668,26.2469,40.8311
0,0,0,0,0,26.1831,275.783,284.206,100.773,539.237
0,0,0,0,0,35.9174,44.6146,49.165,41.1697,19.6907
0,0,0,0,0,24.7824,34.181,11.3654,27.9698,78.8837
0,0,0,0,0,13.79,15.2988,23.8708,72.3654,33.2757
0,0,0,0,0,69.4766,35.5257,39.0653,42.2999,24.9467
0,0,0,0,0,67.3136,14.1393,18.6208,81.8282,15.2131
0,0,0,0,0,29.6873,62.1821,24.7032,32.5998,53.9937
0,0,0,0,0,36.1901,97.827,15.1242,78.1483,104.767
0,0,0,0,0,39.2807,21.9648,25.6812,60.5855,8.08479
0,0,0,0,0,20.1791,30.3268,33.7884,24.5056,42.1931
0,0,0,102.034,448.14,0,0,145.407,147.819,125.973,57.3622,64.4009
0,0,461.693,0,409.336,288.168,0,0,397.227,547.031,234.291,409.153,68.416
0,0,0,0,0,28.8657,66.7654,33.0185,10.5771,19.2291
0,0,0,0,0,29.9061,141.457,32.0761,21.8567,22.0618
0,0,0,0,0,112.187,80.1819,72.4124,304.063,56.269,123.053,139
0,0,0,0,0,21.8177,30.266,44.517,35.4088,32.1494
0,0,0,0,0,25.9059,27.2618,42.0982,17.1854,38.6305
0,0,0,0,0,33.3223,11.1179,19.8344,14.2062,7.56136
0,0,0,0,0,21.4966,27.8704,35.3598,18.9937,21.816
0,0,0,0,0,20.2875,19.8804,38.231,11.5783,13.1964,30.9581
0,81.4586,0,151.084,0,56.5526,103.361,0,0,153.261,333.94,45.2137,323.73,314.41,112.188,147.501,53.5207,137.394,188.775
0,0,0,0,0,45.8296,31.2717,35.4402,26.1114,25.2743
0,0,0,0,0,206.656,53.6423,343.047,117.17,38.453,137.6
0,0,0,83.4042,0,0,29.7497,300.392,35.4704,184.349
0,0,0,75.9354,0,0,50.9549,18.4035,85.7267,81.5234
0,0,0,0,0,48.0399,142.72,163.951,72.1569,67.938
442.68,0,97.6622,0,0,169.236,0,422.59,0,1659.6,96.3646,1145.99,160.935,183.701,1877.33,93.8953,67.9295,109.486,219.718,347.038,94.9991,393.996,407.963,231.804
0,0,0,0,0,56.7424,63.9969,8.71689,36.1481,26.2735
0,0,0,0,0,36.6256,126.661,122.298,81.3083,80.4843
0,0,0,0,0,26.9692,51.5407,82.5204,35.7022,18.9156
0,0,0,0,0,6.68272,25.3362,18.611,22.9519,26.7157
0,0,0,0,0,14.4002,15.7509,33.468,9.19895,22.5881
0,0,0,0,0,34.7752,110.913,64.7775,24.099,200.455
0,0,0,0,0,32.2879,36.7144,49.774,20.3858,41.7064
0,0,0,0,0,8.98796,25.2147,56.7502,21.3976,23.6704
0,0,0,0,0,773.65,287.624,200.965,714.967,147.285
0,0,0,0,0,31.2361,98.9633,40.3628,12.292,24.4897
0,0,0,0,0,62.2161,35.2299,37.0593,36.7177,26.0943
0,0,0,0,0,38.0188,15.8612,24.4972,24.92,26.653
0,0,0,0,0,45.2366,12.8302,18.7806,16.0628,59.2694
0,0,0,0,0,22.6203,10.8193,13.8789,24.6347,17.1241
0,0,0,0,0,23.264,10.3697,23.6881,28.7439,34.0377
0,0,0,0,0,10.7589,11.3812,20.5174,11.4328,45.2704
0,0,0,0,0,9.33477,22.0862,56.7848,22.1531,46.4545
0,0,0,0,0,73.592,71.7991,44.2934,53.7981,16.5929
0,0,0,0,0,30.9844,134.844,135.792,278.62,72.1232,149.736
251.593,0,291.772,0,0,141.456,0,104.056,358.841,0
0,0,0,0,0,12.3596,21.5711,6.63023,11.6737,6.23433
0,0,0,0,0,31.983,76.9743,92.3554,13.0843,145.777,169.65
0,0,0,0,0,40.4298,46.5525,27.8265,8.8551,19.6515
0,0,0,0,0,16.3308,11.0711,12.2712,20.4828,42.0532
0,0,0,0,0,82.3919,72.343,43.6467,61.5017,42.3844
0,0,0,0,0,29.0398,74.2689,47.376,13.4685,35.3872
0,0,0,0,0,17.003,19.3289,34.3951,15.6571,50.2575
0,0,0,0,0,101.167,68.6547,35.825,60.7547,68.6249
0,0,0,0,0,31.4534,7.79851,17.4034,10.9359,16.9687
0,0,0,0,0,154.124,14.6932,93.8303,26.0929,23.109
0,0,0,0,0,19.1285,13.4229,12.4563,9.56864,5.79568
0,0,0,0,0,42.9459,38.207,32.3321,20.2934,39.4518
0,0,0,0,0,12.7994,24.9035,33.8404,28.0252,15.4676
0,0,0,0,0,8.40895,10.0111,8.50147,12.6961,11.8392
0,0,0,0,0,23.6798,62.6627,45.7184,143.757,41.3943
0,0,0,0,0,31.0384,37.5398,17.7405,19.0372,40.2547
0,0,0,0,0,64.8306,12.5483,22.8158,23.5429,34.0986
0,0,0,0,0,36.8355,19.9715,14.4434,24.4035,18.1949
0,0,0,0,0,17.673,46.5332,33.879,60.8147,15.2285
0,0,0,0,0,135.365,58.6859,48.3712,95.021,40.82
0,0,0,0,0,99.2071,21.7753,64.3427,32.3516,95.2052
0,0,0,0,0,20.0112,26.753,10.1418,34.0198,27.6207,23.4317
0,0,0,0,0,17.4916,17.3517,21.5456,20.0389,22.1118
0,0,0,0,0,16.9343,17.3019,18.7158,16.4841,10.0488
0,0,0,0,0,42.6436,142.835,87.5291,41.98,35.4713
0,0,0,0,0,8.46623,18.8679,6.5484,27.653,15.0497
0,0,0,0,0,14.6428,27.084,40.8275,9.88255,14.6607
0,0,0,0,0,135.592,134.473,88.4055,26.4464,12.0712
0,0,0,0,0,20.1202,33.0895,17.3882,19.9932,15.0038
0,0,0,0,0,29.905,56.2789,13.1731,21.5129,62.4091
0,0,0,0,0,9.69384,19.7656,8.23941,12.3923,14.4985
0,0,0,0,0,35.1523,172.073,125.39,25.2172,31.2697
0,0,0,0,0,12.4037,24.1375,43.0762,56.1888,24.8855
0,0,0,0,0,19.1808,44.8007,54.3548,85.2553,41.1839
0,0,0,0,0,13.1003,79.345,114.528,37.3039,52.4874
0,0,0,0,0,7.99924,21.8754,39.4848,14.2373,14.8604
0,0,0,0,0,171.314,121.825,139.733,213.905,151.157,90.043
0,0,0,0,0,39.8113,24.7531,8.31551,25.4883,22.8725
0,0,0,0,0,21.2797,19.5962,21.5946,14.761,44.7404
0,80.6819,58.8772,99.284,51.3456,279.713,170.078,0,0,453.657,51.109,228.829,0,193.378,0
0,0,0,0,0,53.0078,26.3799,30.0597,49.352,45.0301
0,390.337,0,0,758.959,0,0,83.9971,219.01,824.079,403.321
0,0,0,0,0,12.8994,16.1186,18.4767,34.5545,8.369
0,0,0,0,0,20.0033,23.6837,39.9367,35.3206,17.8027
0,0,0,0,0,26.4779,31.6637,21.3997,21.581,44.0971
0,0,0,0,0,32.4496,67.5147,23.4916,51.4056,55.2956
0,0,0,0,0,28.7267,29.5017,28.5566,21.3853,36.6589,42.8145
0,0,0,445.415,0,162.021,0,243.68,1575.46,691.975
0,0,0,0,0,12.1263,14.6358,11.737,24.7984,16.9277
0,0,0,0,0,17.9201,11.088,35.8806,23.3038,14.8703
0,0,0,0,0,91.7272,34.946,21.6784,30.3415,17.2731
0,0,0,0,0,88.7072,188.871,26.4419,190.231,80.0482
0,0,0,0,0,10.2194,6.31256,6.3588,15.3078,17.027
0,0,0,0,0,957.45,1518.02,218.491,16.5276,83.2535
0,0,0,0,0,29.8739,12.1694,25.5127,57.7985,52.3079
0,0,0,0,0,11.1929,24.6235,26.6335,25.4154,22.8099
0,0,0,0,0,12.8921,16.5925,33.1972,19.2757,13.343
0,0,0,0,0,24.2271,510.511,606.911,119.465,48.3847
0,0,0,0,0,26.6806,167.682,66.2414,47.6972,109.951
0,0,0,0,0,67.5601,16.8488,35.4458,62.391,22.3342
0,0,0,0,0,43.3656,9.86609,29.0248,23.2716,29.2413
0,0,0,0,0,26.9365,14.8601,10.4773,16.6313,6.73236
0,0,0,0,0,172.971,30.0536,86.6887,32.8442,43.6127
0,0,0,0,0,33.8118,27.7306,27.5091,22.677,29.3664
0,0,0,0,0,35.8594,38.9873,36.7623,31.4634,24.0618
0,0,0,0,0,16.2343,33.1014,44.6507,8.46024,20.7723
0,0,0,0,0,43.0648,93.2856,46.5028,47.0967,55.9284
0,0,0,0,0,5.76891,5.54342,7.18547,10.4931,7.62105
0,0,0,0,0,26.5477,25.4435,60.8538,14.4007,16.6418
0,0,0,0,0,23.8336,50.0986,42.1473,73.9682,59.3509
0,0,0,0,0,31.7721,33.0493,43.376,25.5399,28.9222
0,0,97.9167,0,88.0826,0,0,138.212,86.0005,775.944,61.988
0,0,0,0,0,18.5292,13.2735,10.4552,10.1671,7.36529
0,0,0,0,0,15.7139,4.80798,9.64011,9.61486,11.242
0,0,0,0,0,25.2463,34.1002,18.4357,23.5781,26.782
0,0,0,0,0,14.7487,14.282,19.9632,53.6207,14.0157
0,0,0,0,0,76.9896,20.0832,32.7241,30.6326,42.7893,41.2645,42.7753,38.0956
0,0,0,0,0,42.2946,59.1067,33.588,46.828,47.1666
0,0,0,0,0,15.1381,13.4786,14.3201,11.8578,16.1499
0,0,0,0,0,5.63089,9.1302,5.64629,33.3032,9.48159
0,0,0,0,0,119.118,650.205,205.881,173.441,105.726
0,0,0,0,0,29.4299,18.4435,33.9181,31.9545,25.4117
0,0,0,0,0,180.392,147.465,35.842,57.7322,24.3925
0,0,0,0,0,10.9864,10.7562,54.7292,29.7578,9.02826
0,0,0,0,0,34.8297,41.6738,34.0568,40.5101,21.9351
0,0,0,0,0,0,0,0,0,0
0,0,0,0,0,3.41402,7.47381,3.89718,4.15894,8.39346
0,0,0,0,0,25.3011,23.3563,21.2949,70.1189,37.8423
0,0,0,0,0,31.7853,31.2796,21.4002,23.6844,21.232
0,0,0,0,0,13.5147,49.5926,41.8557,47.0701,26.3873
0,0,0,0,0,20.059,12.9857,14.8944,28.5049,8.57416
0,0,0,0,0,14.342,39.9853,12.0734,29.5843,18.2664,28.3669
0,0,0,0,0,0,0,0,0,0
0,0,0,0,0,36.4014,75.8572,38.7856,34.2369,55.2906
0,0,0,0,0,82.5512,96.9255,33.6096,74.2988,45.8521
0,0,0,0,0,51.3976,143.754,172.246,290.809,49.7463
0,0,0,0,0,11.3239,12.5202,20.3594,6.71282,16.381
0,0,0,0,0,22.8095,16.9823,19.6584,10.8534,20.9186
0,0,0,0,0,16.178,6.37921,10.6814,34.6028,18.4437
0,0,0,0,0,30.8559,119.535,33.5144,22.2564,15.5052
0,0,0,0,0,24.4101,19.1152,30.8997,34.4586,11.1287
0,0,0,0,0,36.3574,38.7944,21.5961,55.5167,16.852
0,0,0,0,0,42.1306,4.42852,8.11418,4.63179,12.9177
0,0,0,0,0,81.098,58.8506,26.7168,43.6718,28.2297
0,0,0,0,0,21.7933,25.4375,15.4659,32.0541,54.6939
0,0,0,0,0,80.0599,35.1021,67.5613,38.026,105.737
0,0,0,0,0,39.1091,70.5742,23.7348,29.2316,33.4089
0,0,0,0,0,47.7927,46.7722,28.2156,21.9982,25.0226,26.1844
0,0,0,0,0,71.32,32.5191,51.4123,63.587,24.0245
0,0,0,0,0,30.0312,107.413,32.782,39.0266,62.7515
0,0,0,0,0,30.5095,52.493,33.5995,93.3717,43.7082,32.2849
0,0,0,0,0,31.3501,31.6028,35.5965,17.2524,50.2812
0,0,0,0,0,63.3621,18.5652,79.8907,19.1425,34.127
0,0,0,0,0,26.9973,48.1505,47.9617,31.5623,42.2724
0,0,0,0,0,15.1999,19.1466,12.9941,36.6012,31.6427
0,0,0,0,0,23.3677,11.1836,33.5752,20.4693,92.0453
0,0,0,0,0,1270.7,630.049,1183.77,1358.77,113.039,168.059,1025.57,317.878,33.0906
0,0,0,0,0,39.5522,47.0917,24.4149,39.4358,56.9612
0,0,0,0,0,19.9003,12.6833,29.423,22.6206,22.2243,32.9208
0,0,0,0,0,150.22,53.5868,95.5608,74.7709,57.4003,80.5655,317.913
0,0,0,0,0,5.68082,6.26091,18.3898,8.06455,9.11889
0,0,0,0,0,270.514,39.9308,261.48,86.1073,24.5096
0,0,0,0,0,11.9547,14.162,14.1039,6.35775,8.04954
0,0,0,0,0,128.211,34.1774,155.068,121.274,59.9319
0,0,0,0,0,8.81136,12.5612,10.3726,15.254,7.12689
0,0,0,0,0,20.3913,14.3204,14.5371,54.3931,15.7336
0,0,0,0,0,40.1133,19.5394,18.423,23.7007,20.3889
0,0,0,0,0,34.8294,8.3906,20.8468,63.5842,83.793
0,0,0,0,0,20.7234,11.7609,48.5814,30.9816,15.1847
0,0,0,0,0,8.14819,16.0217,20.4141,7.61916,87.8558
0,0,0,0,0,30.6618,49.8186,49.6933,43.6499,24.6068
0,0,0,0,0,17.919,10.2314,9.27213,15.3722,23.3432
0,0,0,0,0,9.20069,54.9346,21.0145,5.12978,35.5765
0,1739.65,729.011,0,2151.25,491.157,0,0,0,403.392,122.709,1532.75,745.718,839.226,1414.62,138.454,2622.49,552.156,99.4799,201.415,675.553,1967.56,239.914,96.3727,973.245,1252.85,298.931,880.359,53.6657,1449.89,643.016,2772.99,1079,509.051,2304.66,1248.93,188.932,206.627,2168.72,1670.47
0,0,0,0,0,71.3703,33.5463,39.1423,68.3373,47.8541
0,0,0,0,0,231.202,78.74,47.6642,77.4937,152.824,32.6478
0,0,0,0,0,38.4263,41.5343,21.1207,21.7939,23.9307
0,0,0,0,0,115.543,112.818,498.809,46.1458,79.2065,45.6798
0,0,0,0,0,57.4054,107.262,33.8249,104.893,92.3471
0,0,0,0,0,24.8169,30.9065,15.7191,84.9326,100.994
0,0,0,0,0,110.018,119.319,59.2688,70.348,85.7075
0,0,0,0,0,54.7394,224.933,173.637,30.4531,47.8617
0,0,0,0,0,10.1364,13.5784,19.5103,14.072,8.08316
0,0,0,0,0,187.788,26.8961,186.125,86.8269,218.341,39.0369
0,0,0,0,0,47.1116,79.3322,77.144,31.2736,31.8968
0,0,0,0,0,42.9952,43.8694,63.3069,27.5726,28.8407
0,0,0,0,0,96.9369,223.195,69.7682,321.022,37.1075
0,0,0,0,0,5.65052,167.948,8.92802,16.6943,24.9622
0,0,0,0,0,23.4796,17.1262,30.74,20.1422,53.4618
0,0,0,0,0,21.3252,29.8254,334.254,16.3789,156.383
0,0,0,0,0,17.8798,9.16177,58.2704,7.08587,10.7988
0,0,0,0,0,49.7017,172.874,99.0723,186.765,40.9587,81.1075
0,0,0,0,0,6.18581,20.8558,18.3862,24.736,6.72758
0,0,0,0,0,16.5929,22.5148,48.1553,22.339,21.1167
0,0,0,0,0,65.9864,97.2252,54.4496,43.5099,160.893
0,0,0,0,0,75.5082,45.1793,40.3243,44.4024,41.4278
0,0,0,0,0,65.4883,46.4055,133.133,76.7298,278.376,205.094
0,0,0,0,0,37.6148,21.5311,11.8299,17.9575,11.4854
0,0,0,0,0,-0.0387869,0.0329689,0.0241718,0.0110495,0.03116
0,0,0,0,0,143.158,34.7521,27.3052,98.3616,93.5504
0,0,0,0,0,37.75,93.5904,67.6954,33.7253,57.6614
0,0,0,0,0,157.694,180.521,52.3393,190.786,104.756
0,0,0,0,0,19.0554,21.3997,26.2168,35.6408,22.7611
0,0,0,0,0,12.5524,13.3202,16.6614,11.2858,32.5541
0,0,0,0,0,92.3481,250.839,138.717,79.4013,56.7596,38.4978
0,0,0,0,0,0,0,0,0,0
0,0,0,0,0,0,0,0,0,0
0,0,0,0,0,0,0,0,0,0
